TRUNCATE TABLE public.clients CASCADE;

COPY public.clients (id, gender, first_name, last_name, home_address, phone_number, email, birth_date) FROM stdin;
1b3f2a11-09a8-4afd-9af0-1ab8b6485e31	F	Amelia	Pierce	Queens Road 1482, Bristol, Cambridgeshire ST7 9GA	0744-910-818	amelia.pierce@example.com	1982-07-22 20:30:05.836000
54616218-3441-4c1d-beac-6297db20a490	M	Daniel	Hidalgo	Calle de Bravo Murillo 3158, Guadalajara, Islas Baleares 22000	640-392-589	daniel.hidalgo@example.com	1994-08-12 08:15:29.881000
c78f4dbf-3177-419a-a7ac-096c331ed57b	F	Anastasia	Francois	Place de L'Abbé-Georges-Hénocque 9530, Hauteville, Aargau 7903	078 797 02 66	anastasia.francois@example.com	1981-12-04 07:24:07.257000
3569a18b-1249-48c7-bccf-a194fb07462e	F	Kate	Chen	Clark Avenue 8220, Hastings, Bay of Plenty 24415	(284)-713-5757	kate.chen@example.com	1960-05-27 05:18:03.274000
2a77f20d-1d47-4f93-bcce-401e6dfced64	M	Soren	Faure	Rue de L'Abbé-Migne 7065, Rennes, Finistère 58084	06-25-23-74-08	soren.faure@example.com	1959-05-04 15:53:40.889000
975c4e49-f54a-49b4-857d-a49985646f56	M	Mathis	Rey	Cours Charlemagne 8350, Bordeaux, Territoire De Belfort 65189	06-10-73-36-52	mathis.rey@example.com	1984-09-27 13:27:10.981000
28e3f12b-daf9-49ee-aa96-77815605e49e	M	Clifton	Hicks	Victoria Road 9962, Brighton and Hove, Somerset XY8 1NU	0761-593-682	clifton.hicks@example.com	1979-09-11 07:34:10.190000
95a0ec84-3f05-4d1f-b605-c807d1090bcd	M	Vítor	da Costa	Rua Amazonas  928, Duque de Caxias, Maranhão 10740	(26) 4497-0739	vitor.dacosta@example.com	1945-08-21 15:28:45.401000
bac7df27-b5ba-4cfc-84a9-903496ee7bde	F	Lotta	Ketola	Satakennankatu 7678, Multia, Pirkanmaa 97107	044-045-87-60	lotta.ketola@example.com	1990-10-31 05:34:28.026000
23d24120-04ef-40c4-8d0e-41c237825e32	M	Adam	Stevens	E Little York Rd 9355, Chicago, Colorado 74722	(755)-363-4152	adam.stevens@example.com	1989-09-26 20:40:02.795000
e6b248c9-b87e-448b-9c48-400091f5733b	M	Viljami	Kumpula	Reijolankatu 5410, Forssa, Southern Ostrobothnia 39044	043-156-65-92	viljami.kumpula@example.com	1967-03-10 09:25:43.213000
cab8e400-0b49-434c-b0df-9e2e6069771a	M	اميرعلي	گلشن	شهید شهرام امیری 3412, خمینی‌شهر, خراسان شمالی 22534	0919-381-6208	myraaly.glshn@example.com	1960-12-25 16:08:19.047000
d22e9aac-6a84-460a-87b5-c8098e664911	-	Hunter	Anderson	9th St 678, Charlottetown, New Brunswick Y2Q 7C0	368-421-4583	hunter.anderson@example.com	1980-03-14 04:43:14.247000
5a83c2a0-8d59-46b9-8262-fe1c3f16c15e	F	Bridget	Rodrigues	Rua Minas Gerais  6465, Balneário Camboriú, Mato Grosso do Sul 37628	(22) 6886-9570	bridget.rodrigues@example.com	1983-07-08 09:19:44.125000
36da92c6-9fcf-403c-885b-94794460c984	M	احسان	حیدری	پارک دانشجو 1871, کاشان, سمنان 65995	0937-732-6251	hsn.hydry@example.com	1998-09-15 19:59:07.325000
e7958c7b-3322-46e7-9019-0fea74d90f47	F	Tracey	Wright	Galway Road 6748, Portlaoise, Offaly 22273	081-921-4767	tracey.wright@example.com	1991-04-24 21:04:42.072000
c5c7e663-5abf-41f2-9e67-e85296cbe475	M	Okan	Kaplangı	Anafartalar Cd 2169, Çorum, Tekirdağ 24393	(525)-042-8766	okan.kaplangi@example.com	1997-02-23 22:16:01.259000
c971d7eb-b4d8-4856-8493-8e6ae399245e	M	Warren	Gibson	North Street 2887, Winchester, Somerset PS3R 4YZ	0748-985-431	warren.gibson@example.com	1979-06-28 12:45:24.530000
27c92bba-5b8d-4e41-a427-20a9aca16445	F	Doris	Hicks	Eason Rd 9596, Roseville, California 81813	(651)-630-5115	doris.hicks@example.com	1987-11-25 21:42:21.796000
3e49c315-f361-4145-8cff-5e1c3c27a0ce	M	Konsta	Harju	Mechelininkatu 1671, Siilinjärvi, Northern Ostrobothnia 58133	043-857-83-13	konsta.harju@example.com	1979-06-27 16:57:26.375000
560af1a9-3977-4fb0-86e6-c844dcc89f3d	M	Roberto	Thomas	Camden Ave 1144, Mildura, Tasmania 2694	0451-079-658	roberto.thomas@example.com	1958-07-05 00:40:32.452000
c844ca88-db35-4b62-8227-078dca1b28f4	M	Barry	Hernandez	Fairview St 1627, Geraldton, Northern Territory 5845	0454-316-635	barry.hernandez@example.com	1983-11-23 16:25:53.068000
be321ba0-6f16-4ef8-978d-85103e9ea93a	M	Kendrick	Nelemans	Hulskamphof 9047, Ospel, Limburg 86012	(696)-975-7122	kendrick.nelemans@example.com	1949-02-17 14:32:19.674000
95a56294-a932-4487-b467-f658b0c53cde	F	Anália	Porto	Rua Quatro 1094, Jaú, Roraima 32127	(42) 7589-5604	analia.porto@example.com	1955-03-29 07:00:10.215000
c45d1e66-7744-4893-8618-a98f3623b13f	-	Caroline	Rasmussen	Åkandevej 8819, København Ø, Midtjylland 56790	80487823	caroline.rasmussen@example.com	1995-08-27 09:15:49.320000
755227bb-ca89-4b45-a4d1-ef8a6ae23c3f	F	Suzy	Nguyen	Westmoreland Street 5607, Clonmel, Donegal 70511	081-198-1000	suzy.nguyen@example.com	1964-09-15 07:00:39.801000
2a40d276-1a11-4247-bf9e-26363df0a745	M	Allen	Richardson	O'Connell Street 748, Swords, Meath 59181	081-924-9964	allen.richardson@example.com	1969-08-02 01:52:02.074000
8f811aa4-ad73-4268-95e4-9b100d1d4ba6	F	Molly	Walker	Main South Road 8595, Whangarei, Northland 39100	(650)-593-0332	molly.walker@example.com	1973-06-28 17:31:14.652000
49ce1d99-d8c8-4ebe-8cb6-c9ff97c34aed	F	Lauren	Cunningham	Grafton Street 4473, Cashel, Cork City 55467	081-880-5775	lauren.cunningham@example.com	1973-06-01 19:11:46.089000
9c0a0225-2ed6-49ea-845b-35aa15fa440e	M	Celal	Nguyen	Blumenstraße 8134, Stadtroda, Brandenburg 49215	0177-6161185	celal.nguyen@example.com	1985-09-30 05:16:14.546000
5e7005cb-5494-4919-9ff7-ea2cb2c3cc08	F	Wenke	Kast	Kapellenweg 590, Herne, Brandenburg 45750	0172-5362809	wenke.kast@example.com	1981-12-17 12:43:16.529000
8c2ddfa0-45ec-4a10-b326-babfc64ba8e7	M	Glen	Jackson	Queens Road 4457, Coventry, County Tyrone C2G 4BJ	0757-300-260	glen.jackson@example.com	1992-06-09 12:40:27.650000
0313b2e9-5cd0-4c6a-833f-3c4bff62dd00	F	آدرینا	كامياران	کارگر شمالی 214, ورامین, سمنان 87337	0948-898-2414	adryn.kmyrn@example.com	1978-03-24 07:32:51.082000
9074ebaa-90f4-4f48-bc41-3bb03d6a25ba	F	Elma	Eibl	Dorfstraße 4255, Kröpelin, Sachsen-Anhalt 22876	0178-3716379	elma.eibl@example.com	1988-09-02 11:40:55.639000
1f4fef85-2df3-4c84-be25-b5db0e627656	M	Jose	Jensen	Eason Rd 2100, Queanbeyan, Western Australia 8574	0406-547-778	jose.jensen@example.com	1968-03-06 08:59:31.982000
24aafb13-d3f4-4a02-b6f6-268cbc7f22cb	F	Janske	Wittenberg	Dotterlaan 2888, Sibrandahus, Overijssel 12921	(844)-282-1082	janske.wittenberg@example.com	1958-05-14 23:07:28.145000
76d9de5d-7ce6-4e94-b09f-c23bce009a2c	M	Clifford	Omahony	Dame Street 4184, Clonakilty, Limerick 22775	081-769-7616	clifford.omahony@example.com	1978-05-04 16:19:21.079000
2d6ade82-fa07-4ded-8662-2d6dbacd96de	F	Maureen	Caldwell	Spring Hill Rd 2308, Pearland, South Dakota 36629	(253)-082-1107	maureen.caldwell@example.com	1957-05-12 18:56:14.265000
323da012-889b-44a7-af09-e12ab561b8fc	M	Oğuzhan	Türkdoğan	Filistin Cd 3675, Malatya, Sinop 30733	(567)-264-6247	oguzhan.turkdogan@example.com	1981-06-26 11:16:11.192000
f846c0f3-c1c8-4b2f-ad41-e98bc50d7b62	F	Adriana	Dumont	Rue du 8 Mai 1945 3779, La Chaux-du-Milieu, Obwalden 1707	075 496 94 59	adriana.dumont@example.com	1961-12-17 22:50:46.071000
61aa82b5-0921-489a-98fe-ec66171026c6	F	Jessica	Roberts	Wairau Road 4512, Tauranga, Auckland 58231	(872)-635-8668	jessica.roberts@example.com	1957-05-03 11:18:36.122000
fc2dd371-c25a-46f8-b5c0-fd6d9ce5260b	M	Ernest	Jensen	South Street 1299, Newry, Kent ZW26 3FX	0758-477-193	ernest.jensen@example.com	1947-05-10 16:46:46.199000
6de6119a-82e5-49da-b6e9-f44307ce0bbc	F	Filippa	Olsen	Præstevej 7203, Kongsvinger, Midtjylland 39652	39885467	filippa.olsen@example.com	1984-06-16 02:53:17.666000
820cf99d-74b3-44d3-b640-71682464f321	F	Rosa	Harvey	Paddock Way 1480, Gladstone, Northern Territory 6348	0446-559-580	rosa.harvey@example.com	1964-09-12 01:28:33.733000
117985fb-e630-4a88-97df-8752aa68bf5f	M	Roland	Francois	Rue Chazière 7459, Wila, Appenzell Innerrhoden 9073	076 881 19 99	roland.francois@example.com	1997-10-09 04:24:01.147000
82c9b787-4eca-47de-a2c7-b432e791e84d	F	Cathy	Fields	W Pecan St 2256, Santa Clara, Wyoming 17255	(443)-258-0305	cathy.fields@example.com	1958-12-24 13:28:42.330000
61ba589f-afb8-4b24-b100-577141c1c351	M	Jimmy	Simmmons	James St 9862, Flowermound, New York 61519	(618)-411-5155	jimmy.simmmons@example.com	1959-10-08 16:10:59.756000
d3b0f2f2-4a4f-4a23-a613-75eb310d73b8	F	Josephine	Fleury	Rue du Château 5833, Wetzikon (Zh), Fribourg 5013	077 860 43 45	josephine.fleury@example.com	1974-11-08 18:56:36.207000
8a165d2e-0eef-4778-b2ee-f9eb0de4f74d	M	Liam	Collins	W Gray St 7905, Cairns, Australian Capital Territory 6140	0459-088-150	liam.collins@example.com	1948-07-02 20:13:33.897000
fbbe8e07-ece3-4537-979d-fa8e8f42ab76	M	Oliver	Brown	Ponsonby Road 525, Whanganui, West Coast 42678	(731)-437-1780	oliver.brown@example.com	1988-11-30 22:01:45.418000
d9411575-f5ac-43bb-82c2-fd30112bd624	M	Storm	Thomsen	Jupitervej 4095, Odense Sv, Syddanmark 56520	11762574	storm.thomsen@example.com	1993-08-07 20:19:23.648000
60cf18da-8d8f-4cee-b0fa-307f4e313e93	F	Gaby	Rumpf	Mozartstraße 4682, Battenberg (Eder), Rheinland-Pfalz 46935	0170-0206304	gaby.rumpf@example.com	1995-04-03 05:17:07.673000
46eea7f9-9f9c-40dc-bdd5-d7f850c256ad	M	Gabin	Roussel	Rue des Abbesses 9615, Nantes, Rhône 84694	06-10-69-55-57	gabin.roussel@example.com	1946-06-24 04:19:18.376000
77586fb4-103a-490d-8991-9e50553a9924	M	Gerrit	Abrahams	Janslust 7843, Borgsweer, Flevoland 22647	(510)-592-5984	gerrit.abrahams@example.com	1946-03-07 16:38:52.358000
33283e8c-0f1d-48ef-98a9-6dbb5d12dc09	M	Ricky	Lopez	North Street 2065, Newbridge, Leitrim 94804	081-498-9136	ricky.lopez@example.com	1993-04-27 14:54:20.130000
9c8c7b14-4729-46d2-9368-9df5e553b0ac	M	Jonas	Christensen	Ådalen 5422, Roskilde, Danmark 81815	21411942	jonas.christensen@example.com	1995-01-08 08:09:37.947000
931d9076-e0ca-42a2-ac93-af6920763616	M	Gaël	Schmitt	Rue Gasparin 9134, Vitry-sur-Seine, Nièvre 95923	06-80-06-46-07	gael.schmitt@example.com	1959-07-18 13:01:54.445000
ce2ab06c-b001-4d4f-962e-cc48694d0f81	F	Nina	Evans	St Aubyn Street 1548, Hamilton, Manawatu-Wanganui 35777	(943)-278-0113	nina.evans@example.com	1990-09-24 05:41:07.577000
c7a43703-75f4-4ef9-9a9e-15a7945c9822	F	Bettina	Burkhardt	Industriestraße 9796, Bad Elster, Rheinland-Pfalz 89191	0174-4407028	bettina.burkhardt@example.com	1958-04-15 13:04:13.054000
2ce10850-33ad-4a94-9ce2-7e74e569cdd4	F	Clara	Kvale	Eikenga 8814, Evje, Aust-Agder 2421	44993222	clara.kvale@example.com	1956-02-09 06:01:45.293000
5a995138-6682-46dc-8339-17bdd7462864	F	Martje	Van Neerbos	Klieftstraat 7069, Hoorn, Utrecht 27514	(022)-098-8426	martje.vanneerbos@example.com	1989-08-03 16:32:33.417000
1c3b8829-e6f0-4bbc-9498-2ce3caeedc63	F	Daouane	Nogueira	Rua São João  2131, Marabá, Santa Catarina 89550	(66) 7690-9949	daouane.nogueira@example.com	1961-03-26 19:52:18.860000
c6004a06-11dd-40f2-a269-0718b5b61fbe	M	Aatu	Peltonen	Itsenäisyydenkatu 3058, Köyliö, Finland Proper 45774	049-250-59-35	aatu.peltonen@example.com	1963-02-10 13:57:44.164000
ba58b133-615e-4b3f-931e-c5af089f0fd6	F	Josefina	Aguilar	Avenida de Salamanca 2620, Granada, Asturias 11818	671-057-180	josefina.aguilar@example.com	1990-11-30 22:48:11.569000
4525e674-d289-4818-bbd2-9de1c6ccee47	F	Annette	Stevens	Bollinger Rd 891, Palmdale, Alaska 27605	(719)-563-0238	annette.stevens@example.com	1947-06-14 16:58:42.892000
48423963-7d22-424a-ac98-147ed3e35087	M	علی رضا	رضاییان	فلاحی 8220, بجنورد, اردبیل 68661	0923-007-6350	aalyrd.rdyyn@example.com	1967-01-02 02:47:27.092000
035d5b2a-6bf0-4687-833b-f71868e38daf	F	Riley	Andrews	Elgin St 8118, Mcallen, Mississippi 78534	(156)-295-0435	riley.andrews@example.com	1971-08-27 17:00:22.204000
6dcdead2-7304-41a9-accc-d5c45b3f2fdb	F	Jennifer	Reyes	North Street 3962, Leixlip, Meath 36637	081-364-1192	jennifer.reyes@example.com	1957-12-12 08:32:21.671000
f3a47ca0-1590-4027-a389-24190b492883	M	Angel	Noel	Place de L'Abbé-Basset 6483, Chêne-Bourg, Thurgau 2652	077 183 16 98	angel.noel@example.com	1966-04-16 13:02:12.132000
d673c321-c3a0-4bb7-b059-42a06248284f	M	Mesut	Köppel	Kirchstraße 1777, Belgern-Schildau, Hessen 97972	0175-9820608	mesut.koppel@example.com	1953-10-03 13:16:47.245000
baf47709-cc15-47b0-990c-afbb2b1c8cd7	M	Ignacio	Serrano	Avenida de Salamanca 9839, Móstoles, La Rioja 63609	689-393-625	ignacio.serrano@example.com	1961-09-06 22:24:30.407000
aa19c3ca-c484-4945-bc91-e6a333b24837	M	Alberto	Johnson	Oak Lawn Ave 6273, Denton, Wisconsin 43535	(993)-436-7325	alberto.johnson@example.com	1946-07-05 04:31:08.329000
b03850e4-330b-4d60-a084-76e1cdd598b3	M	Alfred	Sørensen	Vesterled 333, Hammel, Danmark 67998	04920193	alfred.sorensen@example.com	1989-06-18 08:31:46.531000
b58ca053-80ab-425b-9c17-9b9b9ab49793	F	Ülkü	Saygıner	Abanoz Sk 96, Denizli, Malatya 34093	(416)-362-9137	ulku.sayginer@example.com	1995-06-04 09:42:15.950000
38037c6c-7950-4db0-a810-3f7d5ba61be3	M	Davide	Melo	Rua Duque de Caxias  6722, Vitória, Mato Grosso 16840	(58) 0644-1940	davide.melo@example.com	1961-03-24 17:38:37.674000
97b27fbf-79f2-4bf3-8e55-0bde79ba7fc0	M	Alfonso	Montero	Calle de Ferraz 6924, Albacete, Aragón 64832	684-930-512	alfonso.montero@example.com	1961-05-08 23:58:24.326000
ad63b6b3-0e33-4d1d-bf99-9760adc3a69e	M	Babür	Akyürek	Anafartalar Cd 6223, Denizli, Kocaeli 53522	(686)-698-1063	babur.akyurek@example.com	1950-04-04 22:54:53.977000
d864792b-983e-47a2-8d42-85d30726db1c	F	Anni	Ahonen	Visiokatu 9598, Oulunsalo, Åland 54416	045-024-76-23	anni.ahonen@example.com	1958-08-29 07:07:47.760000
68052a05-858c-4f72-b1d2-32957b77b443	M	Gerardo	Morales	Calle de Ferraz 6871, Castellón de la Plana, Navarra 81301	623-862-412	gerardo.morales@example.com	1971-06-09 07:10:56.406000
48a28cfe-906f-4655-9021-ea2304372ff4	F	Summer	Walker	Durham Street 7161, Greymouth, Auckland 91636	(351)-782-6986	summer.walker@example.com	1991-08-07 22:28:46.254000
03cb4d06-7d89-4971-ae13-16e1c03da39b	M	John	Evans	Tuam Street 9986, Christchurch, Tasman 50739	(648)-861-4334	john.evans@example.com	1960-12-07 15:40:45.217000
18589d6c-b2e6-4802-80a1-e078e4119dfe	-	Jaran	Brunborg	Lillevannsveien 9485, Tanem, Nordland 5281	92811371	jaran.brunborg@example.com	1982-04-23 18:01:57.397000
53e20250-ff1a-4426-b965-0f807874a4b0	F	Deborah	Marshall	New Street 6837, Newry, Gloucestershire H73 5EW	0747-199-203	deborah.marshall@example.com	1950-05-10 07:25:31.501000
a6757ed9-b54d-483b-ab5e-66cadc116fcc	F	Stilla	Weidinger	Mozartstraße 8188, Staßfurt, Saarland 45013	0173-4806548	stilla.weidinger@example.com	1983-12-31 21:42:37.389000
9cd5030d-c684-4296-9edf-9e62d0794b56	M	Jannis	Kindler	Feldstraße 8196, Oerlinghausen, Berlin 69737	0179-2444140	jannis.kindler@example.com	1997-10-13 18:35:29.148000
bf3038bd-7989-4e9d-8f50-89c9dca34d59	F	Emma	Abraham	Alfred St 6777, Burlington, Alberta Q0N 9N2	724-085-5510	emma.abraham@example.com	1966-01-11 19:06:30.555000
f120c318-01ae-4244-baae-269502716de3	M	Arnaud	Wilson	Park Rd 4862, Maitland, Saskatchewan Y8G 8B9	652-064-3956	arnaud.wilson@example.com	1966-01-17 04:40:45.466000
ee5babb7-dddb-4fd2-b543-ecf1e7d6e496	M	Pius	Petit	Rue du Village 7724, Vex, Nidwalden 9136	079 078 54 67	pius.petit@example.com	1989-12-05 19:42:54.121000
37459312-5a42-40c0-b644-8d1618f302ab	M	Alfonso	Torres	Avenida de Burgos 6299, Alicante, Región de Murcia 61204	622-090-688	alfonso.torres@example.com	1997-04-24 04:38:37.330000
4f08d5f6-5a90-4799-aea3-2f7b460a3c8a	F	Anthe	Venema	Charles Darwinstraat 2060, Tytsjerk, Groningen 88846	(211)-715-2149	anthe.venema@example.com	1991-05-19 22:53:38.876000
3b4a3d62-2918-496f-9f9b-35e39746e9cf	-	Mia	Turner	Ronwood Avenue 8632, Rotorua, Otago 48133	(378)-885-1161	mia.turner@example.com	1980-03-27 14:19:25.615000
d6df5df2-607a-483c-974c-650f916da065	M	Georgios	Gerstner	Kirchgasse 8127, Rastatt, Schleswig-Holstein 61952	0176-0864853	georgios.gerstner@example.com	1973-12-09 19:23:02.721000
cd3138e9-ac00-4a23-8e41-fcab15d07cce	F	Megan	Brar	Cedar St 3627, Jasper, Ontario C9X 0F4	321-105-8586	megan.brar@example.com	1952-06-04 21:08:43.276000
a013c1db-a269-4f0c-a281-d13c6edd39d3	M	Victor	Fløysvik	Prinsessealléen 7619, Bjervamoen, Buskerud 5834	98790521	victor.floysvik@example.com	1989-01-21 10:24:19.743000
60aff58a-86f9-4fa6-b40d-a38f953dea9e	M	Guido	Gerard	Rue Abel-Ferry 2807, Knonau, Fribourg 1381	078 154 95 61	guido.gerard@example.com	1969-11-09 02:03:35.269000
175c2bd1-53df-4a66-9e82-13c89d64379e	M	Delmar	Jesus	Rua Carlos Gomes 5304, Recife, Espírito Santo 25939	(14) 8175-5982	delmar.jesus@example.com	1962-05-27 16:39:07.880000
5fd85354-22c9-439c-b300-94f5b3f7a1a6	M	Angelo	Sanchez	Place de L'Abbé-Basset 5041, Corsier (Ge), Jura 8099	078 635 73 16	angelo.sanchez@example.com	1967-05-14 23:20:38.993000
271e4379-04ea-4ad6-8250-7c6610419406	M	Timothee	Da Silva	Rue Saint-Georges 1385, Nîmes, Haute-Loire 51177	06-18-16-91-28	timothee.dasilva@example.com	1964-05-24 01:18:54.824000
5edfb9cd-5ae0-4e21-82d1-60b75b01c530	M	محمدعلی	احمدی	فاطمی 745, شیراز, آذربایجان غربی 61372	0925-624-2557	mhmdaaly.hmdy@example.com	1959-05-04 02:12:14.494000
1af898c1-60df-491b-adb7-503cd112a855	F	Marcelle	Robert	Rue Dumenge 8100, Blauen, Graubünden 6464	078 204 63 88	marcelle.robert@example.com	1978-12-20 05:08:38.638000
a140b403-c548-4628-8ef3-8208f39fd65f	M	Xerxes	Almeida	Avenida Brasil  6639, Recife, Maranhão 57479	(93) 6121-7160	xerxes.almeida@example.com	1946-08-02 17:44:53.804000
4ced93c8-438b-47fe-857c-c0c66b6e2976	M	Daniel	Ahola	Verkatehtaankatu 7462, Taivalkoski, Åland 11589	049-161-88-07	daniel.ahola@example.com	1980-10-23 01:38:25.640000
f2e27ecf-35a6-46f0-aed5-56098fa1c806	M	Russell	Black	Queensway 1434, St Albans, Dumfries and Galloway H1 0XG	0708-642-552	russell.black@example.com	1953-01-02 15:28:03.350000
0355a2ee-fb3c-4b0e-8ec3-2711f7320e37	F	Kimberly	Walker	North Road 9443, Kildare, Wexford 64327	081-264-9343	kimberly.walker@example.com	1995-06-20 08:22:25.426000
f9eefbfd-11d3-4e6c-92f4-4c9f750e3a85	M	Nino	Jean	Rue du Bât-D'Argent 8135, Metz, Eure-et-Loir 30791	06-62-29-40-53	nino.jean@example.com	1995-08-19 04:34:53.096000
096b0cb4-d2f7-46a3-8d8b-2152d454d4b6	M	Brayden	Gilbert	Highfield Road 4238, Southampton, Strathclyde WY2 3ZY	0784-958-938	brayden.gilbert@example.com	1945-01-24 10:24:02.991000
039d12d0-8418-464f-9034-f753cd02354a	-	Jost	Gronau	Im Winkel 4889, Meersburg, Sachsen 54832	0176-9085151	jost.gronau@example.com	1950-10-08 07:35:05.611000
3df60aee-8399-45de-9034-47bc6967e69f	F	Maélie	Masson	Rue Dumenge 3446, Brest, Calvados 15355	06-52-32-37-15	maelie.masson@example.com	1962-03-04 07:18:42.334000
770b03ec-e379-4ae2-a190-6c40321680d3	F	Emma	Wong	Lakeview Ave 8172, Hudson, Nova Scotia N7I 8Y2	096-476-2241	emma.wong@example.com	1972-10-19 11:12:09.240000
cbf433d5-67ef-4643-824b-dadb3be5d361	-	Ethan	Thompson	Te Mata Road 2960, Upper Hutt, Waikato 69356	(409)-988-8844	ethan.thompson@example.com	1970-07-28 06:29:28.964000
a834a96d-dad0-4660-8d28-ff1441edd63a	F	Celia	Crespo	Avenida de Andalucía 9051, Mérida, Aragón 14361	665-535-643	celia.crespo@example.com	1958-12-26 22:11:09.242000
f2cd1b1b-3af7-43c8-9ef9-0024105bb644	M	Väinö	Wiitala	Pirkankatu 1125, Kerimäki, Tavastia Proper 96541	040-338-80-82	vaino.wiitala@example.com	1970-05-31 11:35:20.680000
29da916d-faab-4ae1-af6f-740ba4461669	M	Samuel	Riley	Highfield Road 7952, Stirling, Cheshire SZ79 1QF	0758-526-295	samuel.riley@example.com	1991-05-23 15:30:49.056000
8a8f4dc5-5850-4850-a35f-3808e680166f	F	Angela	Bennett	Church Lane 6482, Cardiff, Leicestershire FS35 7YH	0778-186-972	angela.bennett@example.com	1985-03-08 17:52:28.129000
8842520a-9307-47be-aa4f-deebe2a3a57b	M	Dylan	Turner	School Lane 3230, Naas, Limerick 17314	081-125-8255	dylan.turner@example.com	1946-05-11 12:11:37.836000
9b2c0595-db04-48df-80d2-b10a033f8905	F	Grace	Wood	Colombo Street 8648, Whanganui, Canterbury 64153	(156)-875-0963	grace.wood@example.com	1957-10-17 18:04:07.220000
e5810a44-d1ce-495a-b9b1-e8a6035d62c1	M	Niilo	Lampi	Verkatehtaankatu 6650, Porvoo, Southern Savonia 70314	043-361-73-04	niilo.lampi@example.com	1991-08-28 01:03:38.491000
cbda6a37-d931-4ad5-a080-7bf1286cb09e	M	Nick	Schimpf	Hauptstraße 7527, Bad Mergentheim, Bayern 25953	0171-3905384	nick.schimpf@example.com	1974-08-23 20:24:08.706000
eba0a350-1ba5-490f-8c0d-ec487ce9490c	F	Isobel	Pierce	Cherry St 1634, Sunshine Coast, Queensland 6445	0411-034-535	isobel.pierce@example.com	1971-01-08 01:32:14.201000
8a887b86-793b-43be-8019-a3f8075936c6	M	Juan	Lozano	Calle de Ferraz 266, Pontevedra, Asturias 38742	653-522-875	juan.lozano@example.com	1988-10-06 05:16:50.016000
d1f9a7c9-f688-4a44-85ed-d124f4f36a6e	M	آرتين	زارعی	شیخ فضل الله نوری 8646, تهران, یزد 96378	0963-033-1958	artyn.zraay@example.com	1974-08-06 16:48:40.306000
c5584a62-3f37-4cd9-aa23-71cea32b6cdd	M	Steven	Heggøy	Langretta 6624, Askøy, Hordaland 1754	91969753	steven.heggoy@example.com	1988-07-15 07:04:29.190000
e08d4356-9d2e-4a0d-b9d1-73c51aedea4d	M	Juho	Takala	Verkatehtaankatu 9828, Kuopio, Northern Savonia 80495	040-968-84-63	juho.takala@example.com	1991-05-03 21:07:08.887000
69ea45a8-8281-46f8-bf1a-0b902a829a0f	F	Jane	Wade	College St 705, Pueblo, Alabama 53814	(780)-019-3336	jane.wade@example.com	1945-07-18 20:59:36.818000
905a2d9f-d409-41c5-b7e0-f29b9054dc95	M	Fatih	Pektemek	Doktorlar Cd 8517, Afyonkarahisar, Isparta 22501	(490)-522-1307	fatih.pektemek@example.com	1987-12-24 19:47:57.125000
1e951a0c-8b7d-493d-b4e5-938a5b08d1b7	F	Thea	Chen	Northgate 3724, Wellington, Hawke'S Bay 64715	(773)-664-2838	thea.chen@example.com	1972-05-03 06:42:08.838000
077a93f5-8631-44ce-a270-50a1000a31f8	F	Iris	Trentelman	Harlingenstraat 3277, Stad aan 't Haringvliet, Gelderland 26711	(286)-761-7329	iris.trentelman@example.com	1973-03-20 23:10:17.510000
ef674ac4-390c-48a3-85c4-531f80e41a6d	F	Shima	Lukassen	Chabolaan 6453, Waspik, Zeeland 98400	(487)-029-2941	shima.lukassen@example.com	1961-03-02 10:55:30.907000
1a8057f3-dfa6-48b6-b06a-06f312f55acd	M	Joaquin	Pastor	Calle de Pedro Bosch 5447, Alcalá de Henares, Islas Baleares 69159	662-335-897	joaquin.pastor@example.com	1949-05-15 10:19:58.786000
db1b0638-4bbf-4ae1-907e-82ff563279bd	F	Sophia	Tremblay	Brock Rd 9448, Inwood, Yukon Y0P 7Q9	956-318-8582	sophia.tremblay@example.com	1997-11-22 03:57:37.726000
d72a4a3e-25c1-4049-ba5f-6124afb9d397	F	Freya	Smith	Pakuranga Road 4740, Gisborne, Manawatu-Wanganui 89348	(920)-802-6964	freya.smith@example.com	1955-03-25 08:33:37.368000
499e9828-1907-438d-9b67-1f7155196b70	F	Filippa	Johansen	Tingvejen 7374, Lintrup, Hovedstaden 39289	69977914	filippa.johansen@example.com	1988-12-01 03:11:45.025000
8fd1360f-53f1-44bb-946f-9ef9d6f51924	F	Evie	Johnson	Universal Drive 6035, New Plymouth, Tasman 87080	(552)-309-8122	evie.johnson@example.com	1985-10-21 14:38:25.621000
fc7a36bf-5110-4913-879f-400b00af051c	M	Carl	Morgan	West Street 375, Carlisle, Borders B1I 8DR	0745-828-847	carl.morgan@example.com	1985-01-12 09:26:43.369000
058ea33f-29da-4afe-a1a4-7910f1ff9f76	M	Finn	Martin	Fitzgerald Avenue 1290, Nelson, Canterbury 43802	(590)-937-0290	finn.martin@example.com	1949-02-01 08:04:20.067000
925a63e1-3429-43fd-8ba8-9146ba350b06	M	Ethan	Smith	Dickens Street 1834, Hamilton, Otago 96594	(793)-791-5757	ethan.smith@example.com	1968-09-09 11:27:35.332000
93a72dc5-1397-4a04-9b8b-77081be3a6e4	M	Ismael	Esteban	Calle Covadonga 8254, Madrid, Castilla y León 75033	637-850-090	ismael.esteban@example.com	1959-08-29 05:43:51.683000
93614f44-3270-42cd-afca-bb330e1aab37	M	Lloyd	Fernandez	Lovers Ln 8161, Townsville, South Australia 4537	0463-633-513	lloyd.fernandez@example.com	1965-07-10 15:21:31.486000
c131d0cf-94b3-4382-be59-2cc3afd9d592	M	Ashton	Thomas	Universal Drive 6417, Dunedin, Auckland 11780	(289)-702-9950	ashton.thomas@example.com	1973-09-25 17:32:03.627000
e1c7693d-85f2-4caa-84e2-68b1fd6451a7	F	Eileen	Jenkins	Crockett St 725, Traralgon, New South Wales 9586	0496-500-516	eileen.jenkins@example.com	1989-08-09 16:56:03.398000
a37457c2-61ef-48d8-8a85-988b8af2cb33	M	Ryder	Anderson	Kamo Road 2574, Auckland, Taranaki 81690	(826)-315-0344	ryder.anderson@example.com	1956-08-08 17:09:57.633000
13c056c3-c225-4c22-9994-873a79623128	M	Zachary	Clark	Duke St 7792, Fountainbleu, Manitoba H0P 9X8	584-156-3246	zachary.clark@example.com	1975-07-28 18:04:51.744000
ea87061e-b3d2-462c-980d-df283a0e63c2	F	Emilia	Hanka	Mannerheimintie 4347, Föglö, Southern Ostrobothnia 21314	044-700-05-05	emilia.hanka@example.com	1986-10-11 00:43:07.873000
e802bde0-e037-417a-84b7-5d2d4ba8bd70	M	Justin	Pierre	Avenue du Fort-Caire 1559, Unterengstringen, St. Gallen 8657	075 262 59 92	justin.pierre@example.com	1944-10-19 01:37:46.152000
f59cdf5a-910d-4c8c-9901-05a82e81d614	F	Daria	Grossmann	Schillerstraße 8553, Saarlouis, Mecklenburg-Vorpommern 40851	0179-3384895	daria.grossmann@example.com	1972-06-01 22:55:23.178000
c960b841-f631-4aa0-9c93-a7b2ee40655f	M	Frederico	Verpoort	Bellemeerstraat 2697, St. Willebrord, Overijssel 49061	(465)-319-2666	frederico.verpoort@example.com	1947-12-14 20:28:17.507000
8d47a04c-592d-42b9-9663-6c994fd0a6fa	F	Amalie	Christiansen	Pøt Strandby 20, Allinge, Nordjylland 20048	41407276	amalie.christiansen@example.com	1970-11-12 17:19:12.468000
30aeeaef-04fe-4e48-9adb-6abb7c7874a8	F	Mari	Teixeira	Rua Minas Gerais  4421, Linhares, Rio de Janeiro 50779	(31) 5576-2876	mari.teixeira@example.com	1950-08-14 14:28:38.525000
7bb74ee4-f2d1-466e-8a86-e32861d4a2a3	M	Mason	Thomas	Guyton Street 791, Palmerston North, Tasman 14080	(928)-914-1958	mason.thomas@example.com	1978-03-23 15:05:41.154000
4ab0aed1-3f6e-478e-a4ef-fc1f47762702	M	Ronald	Kelly	Valwood Pkwy 6519, Albany, New South Wales 244	0471-191-510	ronald.kelly@example.com	1983-09-13 18:56:50.009000
0b0a1108-d48a-4f5f-aac2-b6de38264565	F	Alisa	Joki	Rotuaari 1306, Riihimäki, Pirkanmaa 91620	047-355-69-13	alisa.joki@example.com	1946-03-12 15:13:00.476000
c470d988-2090-48f8-8261-f47a9e94a67a	F	فاطمه زهرا	جعفری	مجاهدین اسلام 1428, قرچک, البرز 99718	0905-929-5426	ftmhzhr.jaafry@example.com	1982-02-07 23:16:36.840000
e8c9a6c1-7d81-4a42-913a-841a74f99fe4	M	Nick	Sanchez	Broadway 3741, Manchester, Essex S07 2AH	0700-174-225	nick.sanchez@example.com	1947-03-17 08:20:19.056000
f21ccfcd-e828-4b56-85e8-0fc5d4aed921	M	Justin	Lefebvre	Quai Chauveau 7032, Le Mans, Aveyron 57400	06-58-85-46-23	justin.lefebvre@example.com	1966-05-10 18:16:10.611000
5ff0bd87-9cc3-473c-aa24-0521f9a11f96	F	Tina	Fowler	W Campbell Ave 8840, Australian Capital Territory, Australian Capital Territory 3488	0483-812-204	tina.fowler@example.com	1974-12-13 17:53:05.524000
ab6305d8-6f3d-43b6-9d0c-8430f1bde253	F	Gloria	Fernandez	Avenida de América 5163, Logroño, Canarias 65215	664-717-185	gloria.fernandez@example.com	1957-08-29 00:00:43.283000
1725b81e-6234-4d6e-950f-90764fb7d6e4	M	Anthony	Brar	Peel St 6563, Delta, Ontario Y3J 9N5	562-539-8006	anthony.brar@example.com	1975-06-26 13:33:41.036000
d7f82cc4-32b2-4932-af92-e92effdeacf8	F	Waldtraut	Renken	Kastanienweg 2862, Neu-Isenburg, Sachsen-Anhalt 48432	0175-0964327	waldtraut.renken@example.com	1981-06-16 18:59:37.499000
a96425b1-1db1-421a-a87b-a690881765ce	F	Angeles	Ibañez	Calle de Arganzuela 1165, Arrecife, Cataluña 96538	641-208-452	angeles.ibanez@example.com	1977-10-24 12:15:26.942000
933a1434-3fd8-4be9-9aa6-e5b770998694	M	Brayden	Owens	Dogwood Ave 7407, Brisbane, Victoria 5724	0423-133-169	brayden.owens@example.com	1984-02-09 01:31:39.130000
acb0bb29-1da6-4e95-acc1-62537aab3b5c	F	Miriam	Oster	Bergstraße 2107, Malchin, Niedersachsen 10084	0176-3489309	miriam.oster@example.com	1954-10-07 23:07:05.201000
98f8b26f-2248-4558-98e5-42308d8ea1fe	M	Fernand	Picard	Rue de Bonnel 7392, Bühler, Obwalden 3740	075 496 45 01	fernand.picard@example.com	1968-03-07 10:05:35.076000
7c1f36ca-02b4-4629-8fac-f149dbf2fc64	F	Yvonne	Brun	Avenue Jean-Jaurès 4874, Buchs (Sg), Zürich 9747	075 765 87 88	yvonne.brun@example.com	1983-11-24 15:01:35.195000
09dce193-18a2-4266-8457-4e490959b65a	F	مهدیس	سهيلي راد	دکتر فاطمی 4707, ساری, بوشهر 89867	0970-469-2540	mhdys.shylyrd@example.com	1970-06-02 06:26:44.047000
72207d5a-ee46-4c29-bf8a-13e2722e3621	F	Iida	Rinne	Otavalankatu 2294, Loppi, Satakunta 62715	041-707-93-51	iida.rinne@example.com	1978-05-09 20:06:33.636000
8d82b42d-7e1d-47d3-a5ec-5de16811e7f0	M	Gregory	Armstrong	Queensway 1071, Newcastle upon Tyne, County Antrim XY2 1US	0798-113-249	gregory.armstrong@example.com	1949-08-13 00:13:26.704000
7e2c98fc-3371-4f38-b36a-84da15442cbe	F	تینا	صدر	نبرد جنوبی 8141, تبریز, مازندران 92515	0905-905-6557	tyn.sdr@example.com	1965-11-28 21:13:19.084000
dc222843-7aca-458b-92a2-98eb22f7283f	-	Tijl	Verburg	De Brandt 178, Eexterveen, Noord-Holland 24366	(081)-065-1083	tijl.verburg@example.com	1989-11-19 07:26:18.353000
2fa67b17-a072-4ed4-9756-5f05bb01082d	F	Urszula	Jacobs	Mühlenstraße 2371, Gräfenthal, Thüringen 36229	0172-3501968	urszula.jacobs@example.com	1972-12-01 05:47:55.850000
f24d42ad-ee70-407b-bc03-189096b3bb64	F	Lillian	Peters	Depaul Dr 817, Gladstone, South Australia 1672	0483-606-311	lillian.peters@example.com	1989-11-27 20:29:49.527000
6024d21d-7748-4376-a389-37498b3b9dde	M	Terrence	Williams	Queens Road 5204, Worcester, Cleveland R8G 1FQ	0758-373-131	terrence.williams@example.com	1958-07-23 18:53:12.644000
16dfb68e-ff47-4bb4-a0ac-95b879889c30	M	Marcus	Carter	Crockett St 7008, Busselton, Australian Capital Territory 4673	0495-301-013	marcus.carter@example.com	1966-07-12 19:50:02.807000
6edc5c41-4d93-4614-b00a-0b588153dd4d	F	Clara	Richards	Cherry St 4814, Modesto, Utah 89804	(944)-256-4819	clara.richards@example.com	1962-10-14 20:28:22.218000
0d068e9d-96aa-4a9c-b691-43b2a074204b	M	Oğuz	De Bont	Eekhoornrade 4298, Obbicht, Noord-Brabant 36682	(508)-160-9448	oguz.debont@example.com	1989-09-06 11:09:22.687000
f08f4f5f-86a8-45aa-9b31-ad347e192dd1	M	Próspero	Moreira	Avenida da Legalidade 4408, Poços de Caldas, Sergipe 74382	(95) 0327-9759	prospero.moreira@example.com	1945-02-15 07:13:11.873000
5596d1a2-ac46-441a-9207-68f0420109d8	F	Elsa	Arola	Tahmelantie 4713, Hanko, Ostrobothnia 49841	046-741-89-03	elsa.arola@example.com	1973-10-11 16:09:13.041000
4766432a-83d3-4b56-aed2-76af5ee48422	M	Nathan	Gray	Oak Ridge Ln 6920, Wollongong, Queensland 8679	0460-899-540	nathan.gray@example.com	1973-03-07 02:13:57.747000
1d87b2c8-ee2f-4572-be26-08e892503bd0	F	Nelli	Jarvinen	Suvantokatu 1782, Lieksa, Finland Proper 53878	041-593-01-27	nelli.jarvinen@example.com	1965-11-09 09:49:11.763000
ab29ed63-c6b9-41eb-ac7b-6bceeef9b469	M	Christoffer	Jensen	Knudsvej 469, Kvistgaard, Syddanmark 18601	83833444	christoffer.jensen@example.com	1972-07-01 09:18:31.922000
c97661da-7498-4342-9d47-39c04dd1718e	F	Pilar	Cano	Avenida de América 6410, Arrecife, Extremadura 61320	652-013-650	pilar.cano@example.com	1954-11-04 10:24:57.686000
501d9ff4-b4b4-4f6b-a415-2f287bbbaa9e	F	Elizaveta	Brandenburg	Kolkhuzerwei 4802, Janum, Flevoland 38770	(590)-513-5677	elizaveta.brandenburg@example.com	1988-06-10 00:40:42.747000
f77f90c4-ce57-4629-85f0-81239369f3b6	F	Maeva	Scott	King St 2374, Westport, British Columbia V7N 7W4	009-199-5936	maeva.scott@example.com	1960-10-17 14:49:10.768000
652d8e8d-177b-479d-8743-b6533be92cb7	F	Selma	Hansen	Algade 2256, Brondby, Syddanmark 61373	92534640	selma.hansen@example.com	1970-07-29 02:11:39.318000
fe9eef5a-7bb4-43e7-8858-8fc2fa538931	F	Rosa	Rojas	Calle del Arenal 9953, Arrecife, Galicia 26724	602-696-835	rosa.rojas@example.com	1951-10-21 17:11:46.873000
64cda0c7-c7dc-4a5c-b907-3eeb18c44733	F	Michelle	Graves	High Street 5004, Preston, Gwynedd County NA1 0PF	0758-751-314	michelle.graves@example.com	1972-12-17 21:37:10.948000
e96146c0-8ed9-4f24-a5ad-9dba7d0e6c89	F	Laurie	Fowler	Washington Ave 2398, Townsville, Queensland 1119	0402-018-676	laurie.fowler@example.com	1954-02-01 12:24:08.875000
a2c940e4-c77e-4c8c-bb18-f26f03042483	-	Jayden	Welch	W Gray St 8687, Elko, Georgia 13775	(059)-443-2039	jayden.welch@example.com	1967-09-28 11:05:51.777000
583b6aa8-1363-409d-a3bf-d324bf795ab2	M	Terrence	Jacobs	Mill Lane 6387, Cardiff, North Yorkshire QF56 9NZ	0784-720-059	terrence.jacobs@example.com	1945-03-22 01:31:24.750000
f9ef5d1b-a59d-4f34-be3e-207d009910f0	F	Lena	Richard	Rue Louis-Blanqui 4749, Basse-Allaine, Valais 2899	076 598 56 54	lena.richard@example.com	1955-11-25 07:39:29.274000
2d42c80f-cb44-47c3-8590-44784a768c7c	F	Evi	Meusel	Bahnhofstraße 4972, Dorsten, Hessen 38829	0171-2476651	evi.meusel@example.com	1956-05-11 00:57:08.975000
3e863536-b184-41c8-acd8-d18ae0c92937	M	Aaron	Hunter	King Street 6393, Swansea, Northamptonshire VY2 3NE	0746-172-865	aaron.hunter@example.com	1953-04-30 14:16:59.919000
aa55d320-d2d7-4800-8481-15762f290335	M	آرش	پارسا	میرزای شیرازی 1969, اردبیل, قزوین 60808	0942-623-8405	arsh.prs@example.com	1978-06-12 05:49:48.115000
3645c299-02f1-449f-802f-6f06d9777ccd	M	Byron	Riley	Valwood Pkwy 4547, Pomona, Ohio 28863	(903)-753-6578	byron.riley@example.com	1947-11-25 22:49:25.136000
b720a638-e614-4002-94d2-b0ea7c944728	M	David	Roy	Concession Road 23 1927, Deer Lake, Nova Scotia P1Y 2M3	000-363-8882	david.roy@example.com	1948-08-16 10:33:05.610000
ef3d65b8-4ddd-4acb-ae07-ab63e377b016	F	Madeleine	Turner	Mahia Road 8187, Christchurch, Bay of Plenty 12794	(454)-161-8281	madeleine.turner@example.com	1970-01-18 21:49:00.043000
ac86d70f-fded-4d67-aa32-12e0800a2f6c	M	Ethan	Ma	Peel St 4780, Lafontaine, Manitoba H9N 9Q9	761-365-9216	ethan.ma@example.com	1954-03-08 05:24:02.662000
e4713443-9de9-407f-ba88-59b76bd46aaf	M	Cody	Willis	Dublin Road 3060, Mullingar, Monaghan 12214	081-070-5854	cody.willis@example.com	1946-06-16 06:18:58.189000
74ff2194-df82-4a4a-844d-a007bd574e99	M	Benjamin	Poulsen	Valmuemarken 2827, Skaerbaek, Midtjylland 92315	19782581	benjamin.poulsen@example.com	1996-06-29 21:23:18.381000
56ed0d30-0191-4dcd-84d1-87bb65122f87	M	Adam	Nielsen	Bakkesvinget 1489, Aarhus N, Hovedstaden 29153	21655540	adam.nielsen@example.com	1971-03-01 15:10:57.390000
1ff9b22f-186a-4781-ba09-f63f719a5049	M	Teake	Raes	Folkertsgreft 3276, Schalkhaar, Noord-Brabant 94262	(600)-395-9303	teake.raes@example.com	1971-05-23 04:59:26.154000
\.

COPY public.clients_credit_cards (client_id, number) FROM stdin;
54616218-3441-4c1d-beac-6297db20a490	4312 3581 4844 5395
54616218-3441-4c1d-beac-6297db20a490	1844 8363 1398 4741
54616218-3441-4c1d-beac-6297db20a490	9219 5730 7689 4786
54616218-3441-4c1d-beac-6297db20a490	8644 0235 9819 0140
c78f4dbf-3177-419a-a7ac-096c331ed57b	1206 6309 6590 4252
c78f4dbf-3177-419a-a7ac-096c331ed57b	0570 3952 3386 9888
3569a18b-1249-48c7-bccf-a194fb07462e	0648 5552 3456 2011
3569a18b-1249-48c7-bccf-a194fb07462e	7883 8837 6003 5686
3569a18b-1249-48c7-bccf-a194fb07462e	0094 0494 1324 3695
2a77f20d-1d47-4f93-bcce-401e6dfced64	3238 1977 8869 0969
2a77f20d-1d47-4f93-bcce-401e6dfced64	7837 0150 9363 8947
2a77f20d-1d47-4f93-bcce-401e6dfced64	0362 9713 1304 8572
975c4e49-f54a-49b4-857d-a49985646f56	9322 3727 5494 3676
975c4e49-f54a-49b4-857d-a49985646f56	6710 4327 9838 6164
95a0ec84-3f05-4d1f-b605-c807d1090bcd	9195 6378 5777 7269
95a0ec84-3f05-4d1f-b605-c807d1090bcd	3259 1990 5761 6120
95a0ec84-3f05-4d1f-b605-c807d1090bcd	8040 1442 1772 6987
95a0ec84-3f05-4d1f-b605-c807d1090bcd	3036 5985 2099 6153
bac7df27-b5ba-4cfc-84a9-903496ee7bde	3924 9112 7382 0277
23d24120-04ef-40c4-8d0e-41c237825e32	8544 2420 9233 2064
23d24120-04ef-40c4-8d0e-41c237825e32	4693 3003 2736 2853
23d24120-04ef-40c4-8d0e-41c237825e32	6430 2275 2145 8397
23d24120-04ef-40c4-8d0e-41c237825e32	9400 6503 0199 9425
e6b248c9-b87e-448b-9c48-400091f5733b	9467 8827 0558 0260
e6b248c9-b87e-448b-9c48-400091f5733b	9166 8757 3675 7580
e6b248c9-b87e-448b-9c48-400091f5733b	4676 9339 9434 7798
cab8e400-0b49-434c-b0df-9e2e6069771a	8941 2706 4285 6342
d22e9aac-6a84-460a-87b5-c8098e664911	8369 1866 8902 8845
d22e9aac-6a84-460a-87b5-c8098e664911	2338 2710 6176 0743
c5c7e663-5abf-41f2-9e67-e85296cbe475	7641 9283 7422 9600
c5c7e663-5abf-41f2-9e67-e85296cbe475	2095 8605 0202 4666
c971d7eb-b4d8-4856-8493-8e6ae399245e	2918 4922 2614 3616
c971d7eb-b4d8-4856-8493-8e6ae399245e	0176 0136 5061 6936
3e49c315-f361-4145-8cff-5e1c3c27a0ce	2807 7192 7779 5501
560af1a9-3977-4fb0-86e6-c844dcc89f3d	6335 9904 8184 9784
560af1a9-3977-4fb0-86e6-c844dcc89f3d	9786 9436 4765 8906
560af1a9-3977-4fb0-86e6-c844dcc89f3d	9082 6715 3706 8575
be321ba0-6f16-4ef8-978d-85103e9ea93a	8809 3520 3571 7992
95a56294-a932-4487-b467-f658b0c53cde	4753 4549 6827 6670
755227bb-ca89-4b45-a4d1-ef8a6ae23c3f	6841 3047 8034 1829
755227bb-ca89-4b45-a4d1-ef8a6ae23c3f	6784 3221 5989 5201
755227bb-ca89-4b45-a4d1-ef8a6ae23c3f	5425 1751 6314 4794
755227bb-ca89-4b45-a4d1-ef8a6ae23c3f	0446 7117 4673 2511
2a40d276-1a11-4247-bf9e-26363df0a745	3921 2855 6515 0227
2a40d276-1a11-4247-bf9e-26363df0a745	9061 1020 0131 3098
2a40d276-1a11-4247-bf9e-26363df0a745	8735 0202 3960 9342
8f811aa4-ad73-4268-95e4-9b100d1d4ba6	8919 9171 2243 5618
8f811aa4-ad73-4268-95e4-9b100d1d4ba6	4362 7789 9002 3789
8f811aa4-ad73-4268-95e4-9b100d1d4ba6	7388 7463 8140 2715
8f811aa4-ad73-4268-95e4-9b100d1d4ba6	5792 9418 2566 3104
5e7005cb-5494-4919-9ff7-ea2cb2c3cc08	0102 4274 4661 5137
5e7005cb-5494-4919-9ff7-ea2cb2c3cc08	0750 6424 8904 4274
5e7005cb-5494-4919-9ff7-ea2cb2c3cc08	2749 2001 8134 2900
5e7005cb-5494-4919-9ff7-ea2cb2c3cc08	4243 5421 3093 2860
8c2ddfa0-45ec-4a10-b326-babfc64ba8e7	5777 1151 9503 4016
8c2ddfa0-45ec-4a10-b326-babfc64ba8e7	0746 2690 2844 7399
8c2ddfa0-45ec-4a10-b326-babfc64ba8e7	1890 9253 2069 9159
8c2ddfa0-45ec-4a10-b326-babfc64ba8e7	0777 7847 5439 6070
9074ebaa-90f4-4f48-bc41-3bb03d6a25ba	2278 4984 8580 2058
1f4fef85-2df3-4c84-be25-b5db0e627656	5721 6162 6224 5359
1f4fef85-2df3-4c84-be25-b5db0e627656	0869 9067 9866 4909
1f4fef85-2df3-4c84-be25-b5db0e627656	9287 5833 4772 8978
24aafb13-d3f4-4a02-b6f6-268cbc7f22cb	1193 0859 0216 8535
24aafb13-d3f4-4a02-b6f6-268cbc7f22cb	0742 1067 8971 1816
24aafb13-d3f4-4a02-b6f6-268cbc7f22cb	5908 0634 8973 3674
24aafb13-d3f4-4a02-b6f6-268cbc7f22cb	6632 6154 5772 3979
76d9de5d-7ce6-4e94-b09f-c23bce009a2c	5031 1714 8962 5647
76d9de5d-7ce6-4e94-b09f-c23bce009a2c	6863 9029 2482 0398
76d9de5d-7ce6-4e94-b09f-c23bce009a2c	6615 5205 5921 5536
2d6ade82-fa07-4ded-8662-2d6dbacd96de	4171 1521 5268 0394
2d6ade82-fa07-4ded-8662-2d6dbacd96de	9523 5771 6391 9293
2d6ade82-fa07-4ded-8662-2d6dbacd96de	3668 1125 9634 2649
323da012-889b-44a7-af09-e12ab561b8fc	6168 0966 0237 3871
323da012-889b-44a7-af09-e12ab561b8fc	5302 4038 3061 7042
323da012-889b-44a7-af09-e12ab561b8fc	7398 1688 8661 5256
323da012-889b-44a7-af09-e12ab561b8fc	4916 1512 8686 6684
f846c0f3-c1c8-4b2f-ad41-e98bc50d7b62	9930 8849 3716 7936
f846c0f3-c1c8-4b2f-ad41-e98bc50d7b62	0836 0234 7348 4555
61aa82b5-0921-489a-98fe-ec66171026c6	0847 2096 8659 4964
61aa82b5-0921-489a-98fe-ec66171026c6	3518 8227 5417 3975
61aa82b5-0921-489a-98fe-ec66171026c6	9156 2716 1029 7028
61aa82b5-0921-489a-98fe-ec66171026c6	0164 7573 5584 1875
fc2dd371-c25a-46f8-b5c0-fd6d9ce5260b	7677 5522 1461 4294
6de6119a-82e5-49da-b6e9-f44307ce0bbc	6408 7115 6067 1692
820cf99d-74b3-44d3-b640-71682464f321	1553 7143 9179 3796
117985fb-e630-4a88-97df-8752aa68bf5f	7365 7537 9572 6997
117985fb-e630-4a88-97df-8752aa68bf5f	5918 6220 2384 7081
117985fb-e630-4a88-97df-8752aa68bf5f	0034 8993 0974 6326
117985fb-e630-4a88-97df-8752aa68bf5f	9446 2875 4985 0914
82c9b787-4eca-47de-a2c7-b432e791e84d	4301 6866 5662 3015
82c9b787-4eca-47de-a2c7-b432e791e84d	5833 1110 6358 4800
82c9b787-4eca-47de-a2c7-b432e791e84d	0671 9700 4694 3574
61ba589f-afb8-4b24-b100-577141c1c351	1440 9817 1668 2740
d3b0f2f2-4a4f-4a23-a613-75eb310d73b8	6767 5153 2469 4833
d3b0f2f2-4a4f-4a23-a613-75eb310d73b8	4657 8801 6056 5354
d3b0f2f2-4a4f-4a23-a613-75eb310d73b8	7950 4408 2713 9930
d3b0f2f2-4a4f-4a23-a613-75eb310d73b8	8146 9785 4516 6107
d9411575-f5ac-43bb-82c2-fd30112bd624	2959 7217 6301 2887
d9411575-f5ac-43bb-82c2-fd30112bd624	3081 2568 6050 3603
d9411575-f5ac-43bb-82c2-fd30112bd624	0461 2696 1615 2312
d9411575-f5ac-43bb-82c2-fd30112bd624	5330 2048 2168 3143
60cf18da-8d8f-4cee-b0fa-307f4e313e93	3426 5995 9440 1230
60cf18da-8d8f-4cee-b0fa-307f4e313e93	9475 3709 7438 3964
60cf18da-8d8f-4cee-b0fa-307f4e313e93	8185 3148 0518 7034
46eea7f9-9f9c-40dc-bdd5-d7f850c256ad	3370 8887 2804 1352
46eea7f9-9f9c-40dc-bdd5-d7f850c256ad	0529 0473 6700 4673
46eea7f9-9f9c-40dc-bdd5-d7f850c256ad	8750 6754 4075 8657
46eea7f9-9f9c-40dc-bdd5-d7f850c256ad	6561 5472 6209 3087
77586fb4-103a-490d-8991-9e50553a9924	6895 6905 4302 0608
33283e8c-0f1d-48ef-98a9-6dbb5d12dc09	5244 0970 7874 4444
9c8c7b14-4729-46d2-9368-9df5e553b0ac	5813 3537 6433 2772
9c8c7b14-4729-46d2-9368-9df5e553b0ac	8706 5764 5443 0516
931d9076-e0ca-42a2-ac93-af6920763616	6289 5096 2306 7930
2ce10850-33ad-4a94-9ce2-7e74e569cdd4	4219 3570 8038 1221
2ce10850-33ad-4a94-9ce2-7e74e569cdd4	8578 1371 0492 5663
2ce10850-33ad-4a94-9ce2-7e74e569cdd4	0621 3563 1680 0132
5a995138-6682-46dc-8339-17bdd7462864	7825 3773 3314 3603
5a995138-6682-46dc-8339-17bdd7462864	5793 2993 8055 0020
1c3b8829-e6f0-4bbc-9498-2ce3caeedc63	2375 9247 1161 0117
1c3b8829-e6f0-4bbc-9498-2ce3caeedc63	8774 6645 2792 4735
c6004a06-11dd-40f2-a269-0718b5b61fbe	3879 7540 9792 0568
c6004a06-11dd-40f2-a269-0718b5b61fbe	4635 5484 6671 2128
c6004a06-11dd-40f2-a269-0718b5b61fbe	0835 1852 3005 3903
4525e674-d289-4818-bbd2-9de1c6ccee47	1693 0032 4616 0669
4525e674-d289-4818-bbd2-9de1c6ccee47	8776 1208 5841 4070
4525e674-d289-4818-bbd2-9de1c6ccee47	6253 5124 8868 7233
48423963-7d22-424a-ac98-147ed3e35087	5493 2366 5334 7100
48423963-7d22-424a-ac98-147ed3e35087	6249 9187 7317 8819
035d5b2a-6bf0-4687-833b-f71868e38daf	7890 1160 4661 8273
035d5b2a-6bf0-4687-833b-f71868e38daf	9523 8149 9674 2844
035d5b2a-6bf0-4687-833b-f71868e38daf	2093 4599 7878 3797
6dcdead2-7304-41a9-accc-d5c45b3f2fdb	9176 0068 8334 0381
6dcdead2-7304-41a9-accc-d5c45b3f2fdb	5793 2687 1047 3770
6dcdead2-7304-41a9-accc-d5c45b3f2fdb	6972 7576 3966 9050
f3a47ca0-1590-4027-a389-24190b492883	8764 4316 0109 5873
d673c321-c3a0-4bb7-b059-42a06248284f	0593 4817 9357 7714
d673c321-c3a0-4bb7-b059-42a06248284f	2405 6631 0014 5102
d673c321-c3a0-4bb7-b059-42a06248284f	3183 0150 0382 1770
d673c321-c3a0-4bb7-b059-42a06248284f	4605 5613 4452 7553
baf47709-cc15-47b0-990c-afbb2b1c8cd7	5355 6732 3020 8358
baf47709-cc15-47b0-990c-afbb2b1c8cd7	1609 4900 9915 8228
baf47709-cc15-47b0-990c-afbb2b1c8cd7	1000 0615 7233 1452
baf47709-cc15-47b0-990c-afbb2b1c8cd7	6777 3318 9321 8695
aa19c3ca-c484-4945-bc91-e6a333b24837	2304 1835 4607 4641
aa19c3ca-c484-4945-bc91-e6a333b24837	6550 3837 8173 6936
aa19c3ca-c484-4945-bc91-e6a333b24837	8106 5848 0752 3733
b58ca053-80ab-425b-9c17-9b9b9ab49793	9024 0606 0794 0928
b58ca053-80ab-425b-9c17-9b9b9ab49793	0236 3049 7486 8832
b58ca053-80ab-425b-9c17-9b9b9ab49793	2577 9973 2668 1537
b58ca053-80ab-425b-9c17-9b9b9ab49793	6180 6096 4970 8143
38037c6c-7950-4db0-a810-3f7d5ba61be3	8580 1476 3359 8451
97b27fbf-79f2-4bf3-8e55-0bde79ba7fc0	7593 5771 6664 0155
97b27fbf-79f2-4bf3-8e55-0bde79ba7fc0	7937 9373 6363 0534
97b27fbf-79f2-4bf3-8e55-0bde79ba7fc0	6528 6020 6929 7281
97b27fbf-79f2-4bf3-8e55-0bde79ba7fc0	1911 0421 3679 3515
ad63b6b3-0e33-4d1d-bf99-9760adc3a69e	7006 3149 8049 9599
d864792b-983e-47a2-8d42-85d30726db1c	7802 3722 6023 5896
d864792b-983e-47a2-8d42-85d30726db1c	3649 2582 0972 5455
d864792b-983e-47a2-8d42-85d30726db1c	5030 1346 4410 4370
68052a05-858c-4f72-b1d2-32957b77b443	5807 4133 4886 3267
68052a05-858c-4f72-b1d2-32957b77b443	6489 3853 5225 3473
03cb4d06-7d89-4971-ae13-16e1c03da39b	1771 4097 5487 4217
03cb4d06-7d89-4971-ae13-16e1c03da39b	1321 4303 7708 8864
03cb4d06-7d89-4971-ae13-16e1c03da39b	5513 3236 2896 2938
03cb4d06-7d89-4971-ae13-16e1c03da39b	1765 8698 4754 5033
18589d6c-b2e6-4802-80a1-e078e4119dfe	3458 6993 3215 1628
18589d6c-b2e6-4802-80a1-e078e4119dfe	7622 4777 1796 2045
53e20250-ff1a-4426-b965-0f807874a4b0	9111 7280 6097 3170
53e20250-ff1a-4426-b965-0f807874a4b0	1424 4634 5732 7611
53e20250-ff1a-4426-b965-0f807874a4b0	4871 6884 0693 1844
53e20250-ff1a-4426-b965-0f807874a4b0	0461 3321 4398 3202
a6757ed9-b54d-483b-ab5e-66cadc116fcc	9988 9237 7360 9046
a6757ed9-b54d-483b-ab5e-66cadc116fcc	8611 8372 9694 0954
a6757ed9-b54d-483b-ab5e-66cadc116fcc	4831 9802 0073 1902
a6757ed9-b54d-483b-ab5e-66cadc116fcc	7937 3814 6749 1116
bf3038bd-7989-4e9d-8f50-89c9dca34d59	2819 9759 6042 7261
bf3038bd-7989-4e9d-8f50-89c9dca34d59	6805 0781 1432 1529
f120c318-01ae-4244-baae-269502716de3	8589 6610 4149 9942
f120c318-01ae-4244-baae-269502716de3	7961 3561 3851 9889
f120c318-01ae-4244-baae-269502716de3	6046 5620 9928 7636
ee5babb7-dddb-4fd2-b543-ecf1e7d6e496	7075 5211 3410 7799
37459312-5a42-40c0-b644-8d1618f302ab	7847 5970 8335 6137
37459312-5a42-40c0-b644-8d1618f302ab	1263 4061 0285 7333
37459312-5a42-40c0-b644-8d1618f302ab	0859 7245 8729 8594
37459312-5a42-40c0-b644-8d1618f302ab	5976 4463 2476 5126
4f08d5f6-5a90-4799-aea3-2f7b460a3c8a	3144 4545 6468 5053
4f08d5f6-5a90-4799-aea3-2f7b460a3c8a	3667 0949 1639 4959
d6df5df2-607a-483c-974c-650f916da065	6134 5207 9349 7488
d6df5df2-607a-483c-974c-650f916da065	0861 3961 8633 1707
d6df5df2-607a-483c-974c-650f916da065	6116 5485 2187 5235
cd3138e9-ac00-4a23-8e41-fcab15d07cce	9804 7621 1894 7661
cd3138e9-ac00-4a23-8e41-fcab15d07cce	7127 9589 6907 6170
cd3138e9-ac00-4a23-8e41-fcab15d07cce	9008 2890 3659 9405
a013c1db-a269-4f0c-a281-d13c6edd39d3	7778 8488 5631 9623
a013c1db-a269-4f0c-a281-d13c6edd39d3	4401 9217 1806 4501
a013c1db-a269-4f0c-a281-d13c6edd39d3	1586 5375 7497 0591
a013c1db-a269-4f0c-a281-d13c6edd39d3	9850 8513 6416 7396
60aff58a-86f9-4fa6-b40d-a38f953dea9e	0850 8292 5441 7876
60aff58a-86f9-4fa6-b40d-a38f953dea9e	1710 4373 2234 8184
60aff58a-86f9-4fa6-b40d-a38f953dea9e	7564 5381 6330 4811
60aff58a-86f9-4fa6-b40d-a38f953dea9e	7905 8265 0944 0649
175c2bd1-53df-4a66-9e82-13c89d64379e	8549 3061 6829 3545
175c2bd1-53df-4a66-9e82-13c89d64379e	3976 2098 1534 1012
175c2bd1-53df-4a66-9e82-13c89d64379e	7434 5787 0488 6792
5fd85354-22c9-439c-b300-94f5b3f7a1a6	3301 8582 8859 2484
5fd85354-22c9-439c-b300-94f5b3f7a1a6	5510 8166 1133 0020
271e4379-04ea-4ad6-8250-7c6610419406	7814 0835 2372 0198
271e4379-04ea-4ad6-8250-7c6610419406	6862 8874 0888 5025
5edfb9cd-5ae0-4e21-82d1-60b75b01c530	9160 3345 5485 6208
5edfb9cd-5ae0-4e21-82d1-60b75b01c530	6634 3149 8702 1059
1af898c1-60df-491b-adb7-503cd112a855	4244 6971 0088 6133
1af898c1-60df-491b-adb7-503cd112a855	1487 5666 8111 7793
1af898c1-60df-491b-adb7-503cd112a855	6193 1502 1685 8763
1af898c1-60df-491b-adb7-503cd112a855	8340 2183 2398 5060
a140b403-c548-4628-8ef3-8208f39fd65f	7108 4399 2638 8591
a140b403-c548-4628-8ef3-8208f39fd65f	7476 8014 2830 6824
a140b403-c548-4628-8ef3-8208f39fd65f	5059 6907 4060 3062
4ced93c8-438b-47fe-857c-c0c66b6e2976	7158 9422 7389 1035
4ced93c8-438b-47fe-857c-c0c66b6e2976	0705 6258 8357 8861
0355a2ee-fb3c-4b0e-8ec3-2711f7320e37	3975 2784 4759 0145
0355a2ee-fb3c-4b0e-8ec3-2711f7320e37	7215 5600 9074 9180
0355a2ee-fb3c-4b0e-8ec3-2711f7320e37	1738 2293 3784 2280
f9eefbfd-11d3-4e6c-92f4-4c9f750e3a85	4239 4303 1951 1860
f9eefbfd-11d3-4e6c-92f4-4c9f750e3a85	6657 1490 2005 5434
f9eefbfd-11d3-4e6c-92f4-4c9f750e3a85	4482 0376 5961 2362
039d12d0-8418-464f-9034-f753cd02354a	6034 5622 5671 1046
039d12d0-8418-464f-9034-f753cd02354a	6263 3959 6960 8774
039d12d0-8418-464f-9034-f753cd02354a	4207 0743 5377 3956
039d12d0-8418-464f-9034-f753cd02354a	2114 8733 8937 1251
770b03ec-e379-4ae2-a190-6c40321680d3	1537 5385 9026 1844
770b03ec-e379-4ae2-a190-6c40321680d3	0523 9371 3454 8745
770b03ec-e379-4ae2-a190-6c40321680d3	0921 4867 9190 0682
cbf433d5-67ef-4643-824b-dadb3be5d361	6935 9735 4614 3802
cbf433d5-67ef-4643-824b-dadb3be5d361	1058 6017 3808 8455
a834a96d-dad0-4660-8d28-ff1441edd63a	4530 0493 5714 2286
a834a96d-dad0-4660-8d28-ff1441edd63a	9303 6353 0730 7488
f2cd1b1b-3af7-43c8-9ef9-0024105bb644	2903 4549 2028 7653
f2cd1b1b-3af7-43c8-9ef9-0024105bb644	0592 0545 5032 4996
8a8f4dc5-5850-4850-a35f-3808e680166f	2886 7720 0836 7226
8a8f4dc5-5850-4850-a35f-3808e680166f	4062 3933 0550 6713
8842520a-9307-47be-aa4f-deebe2a3a57b	3513 2209 8467 5108
e5810a44-d1ce-495a-b9b1-e8a6035d62c1	8718 4700 1410 5931
cbda6a37-d931-4ad5-a080-7bf1286cb09e	0818 5738 9999 6264
cbda6a37-d931-4ad5-a080-7bf1286cb09e	2568 1041 6874 2444
eba0a350-1ba5-490f-8c0d-ec487ce9490c	6213 5409 3094 5799
8a887b86-793b-43be-8019-a3f8075936c6	3060 2714 6419 6097
8a887b86-793b-43be-8019-a3f8075936c6	2318 8059 5247 1736
8a887b86-793b-43be-8019-a3f8075936c6	9058 5368 4368 3460
d1f9a7c9-f688-4a44-85ed-d124f4f36a6e	5728 4973 7530 1010
c5584a62-3f37-4cd9-aa23-71cea32b6cdd	4992 7333 7062 7580
e08d4356-9d2e-4a0d-b9d1-73c51aedea4d	1939 1340 6615 3302
e08d4356-9d2e-4a0d-b9d1-73c51aedea4d	0892 1336 3480 7856
69ea45a8-8281-46f8-bf1a-0b902a829a0f	3093 8894 0860 5511
69ea45a8-8281-46f8-bf1a-0b902a829a0f	1169 2904 7825 0792
69ea45a8-8281-46f8-bf1a-0b902a829a0f	6422 1462 6217 1705
69ea45a8-8281-46f8-bf1a-0b902a829a0f	9267 3261 4504 6708
1e951a0c-8b7d-493d-b4e5-938a5b08d1b7	3947 0222 0484 9933
1e951a0c-8b7d-493d-b4e5-938a5b08d1b7	7046 2685 6312 3751
ef674ac4-390c-48a3-85c4-531f80e41a6d	6252 2070 2637 0835
ef674ac4-390c-48a3-85c4-531f80e41a6d	7957 5204 4664 6472
ef674ac4-390c-48a3-85c4-531f80e41a6d	5800 6088 5124 0811
ef674ac4-390c-48a3-85c4-531f80e41a6d	6976 3144 3220 5219
1a8057f3-dfa6-48b6-b06a-06f312f55acd	3075 1618 1402 5528
1a8057f3-dfa6-48b6-b06a-06f312f55acd	3417 0787 5856 4348
1a8057f3-dfa6-48b6-b06a-06f312f55acd	4297 6491 4431 2721
1a8057f3-dfa6-48b6-b06a-06f312f55acd	5085 6234 1842 5273
db1b0638-4bbf-4ae1-907e-82ff563279bd	8862 4616 5504 8691
db1b0638-4bbf-4ae1-907e-82ff563279bd	8812 6816 6892 5238
db1b0638-4bbf-4ae1-907e-82ff563279bd	1668 3533 5902 8774
d72a4a3e-25c1-4049-ba5f-6124afb9d397	1686 3192 3468 1610
d72a4a3e-25c1-4049-ba5f-6124afb9d397	4734 7873 9675 6191
d72a4a3e-25c1-4049-ba5f-6124afb9d397	4441 3512 2594 2099
d72a4a3e-25c1-4049-ba5f-6124afb9d397	7849 5793 3564 2077
499e9828-1907-438d-9b67-1f7155196b70	6833 7275 7289 5552
499e9828-1907-438d-9b67-1f7155196b70	0193 7657 7049 7838
499e9828-1907-438d-9b67-1f7155196b70	2378 7920 7185 2623
058ea33f-29da-4afe-a1a4-7910f1ff9f76	2162 1746 7935 7922
925a63e1-3429-43fd-8ba8-9146ba350b06	6521 6876 0051 7665
93a72dc5-1397-4a04-9b8b-77081be3a6e4	7758 8125 8792 3826
93a72dc5-1397-4a04-9b8b-77081be3a6e4	7973 2723 0760 5319
93614f44-3270-42cd-afca-bb330e1aab37	8679 7439 1640 4436
93614f44-3270-42cd-afca-bb330e1aab37	2869 9199 8355 4331
c131d0cf-94b3-4382-be59-2cc3afd9d592	1187 4740 2795 3471
c131d0cf-94b3-4382-be59-2cc3afd9d592	9488 4458 6411 8577
e1c7693d-85f2-4caa-84e2-68b1fd6451a7	8743 5614 1846 4586
e1c7693d-85f2-4caa-84e2-68b1fd6451a7	3666 0777 0276 9366
e1c7693d-85f2-4caa-84e2-68b1fd6451a7	5816 1544 6057 3750
13c056c3-c225-4c22-9994-873a79623128	9807 4019 6667 5422
13c056c3-c225-4c22-9994-873a79623128	1148 6998 4994 7270
ea87061e-b3d2-462c-980d-df283a0e63c2	3833 3026 2604 5812
f59cdf5a-910d-4c8c-9901-05a82e81d614	6360 4249 2278 8771
f59cdf5a-910d-4c8c-9901-05a82e81d614	0138 0236 4401 5468
f59cdf5a-910d-4c8c-9901-05a82e81d614	8055 0908 7500 5060
c960b841-f631-4aa0-9c93-a7b2ee40655f	7257 4667 9745 7676
c960b841-f631-4aa0-9c93-a7b2ee40655f	0580 8155 9174 9048
c960b841-f631-4aa0-9c93-a7b2ee40655f	5151 9721 8523 5128
c960b841-f631-4aa0-9c93-a7b2ee40655f	9910 9701 8130 8626
8d47a04c-592d-42b9-9663-6c994fd0a6fa	3932 3637 5630 0243
8d47a04c-592d-42b9-9663-6c994fd0a6fa	3919 1321 6592 0075
8d47a04c-592d-42b9-9663-6c994fd0a6fa	7061 6132 8480 7689
30aeeaef-04fe-4e48-9adb-6abb7c7874a8	9276 1889 7103 3781
30aeeaef-04fe-4e48-9adb-6abb7c7874a8	5081 5222 3196 1343
7bb74ee4-f2d1-466e-8a86-e32861d4a2a3	1100 0562 3473 7276
7bb74ee4-f2d1-466e-8a86-e32861d4a2a3	0267 2164 8341 6052
4ab0aed1-3f6e-478e-a4ef-fc1f47762702	0765 9693 5895 8058
4ab0aed1-3f6e-478e-a4ef-fc1f47762702	5423 0568 1353 1284
4ab0aed1-3f6e-478e-a4ef-fc1f47762702	6965 4043 9244 8302
4ab0aed1-3f6e-478e-a4ef-fc1f47762702	7071 3344 5729 7821
0b0a1108-d48a-4f5f-aac2-b6de38264565	4066 4644 5848 0113
0b0a1108-d48a-4f5f-aac2-b6de38264565	9024 0566 2191 7340
c470d988-2090-48f8-8261-f47a9e94a67a	9483 3224 0417 4146
c470d988-2090-48f8-8261-f47a9e94a67a	5212 7883 0175 0609
f21ccfcd-e828-4b56-85e8-0fc5d4aed921	5951 6015 6816 9087
f21ccfcd-e828-4b56-85e8-0fc5d4aed921	9735 7373 0263 4088
f21ccfcd-e828-4b56-85e8-0fc5d4aed921	2993 1641 2790 4189
5ff0bd87-9cc3-473c-aa24-0521f9a11f96	8270 5803 0081 0617
5ff0bd87-9cc3-473c-aa24-0521f9a11f96	5688 0266 7439 3810
5ff0bd87-9cc3-473c-aa24-0521f9a11f96	6309 7761 0146 7982
ab6305d8-6f3d-43b6-9d0c-8430f1bde253	3655 9333 0710 5606
ab6305d8-6f3d-43b6-9d0c-8430f1bde253	5326 1925 0216 3761
1725b81e-6234-4d6e-950f-90764fb7d6e4	1584 5034 5672 5928
1725b81e-6234-4d6e-950f-90764fb7d6e4	7211 4010 8269 5874
1725b81e-6234-4d6e-950f-90764fb7d6e4	3080 2770 6804 3702
a96425b1-1db1-421a-a87b-a690881765ce	7264 8108 8152 6081
a96425b1-1db1-421a-a87b-a690881765ce	7826 8500 1457 4572
a96425b1-1db1-421a-a87b-a690881765ce	3800 9589 6170 3768
a96425b1-1db1-421a-a87b-a690881765ce	1357 3504 9454 3520
933a1434-3fd8-4be9-9aa6-e5b770998694	8917 5312 1732 1658
933a1434-3fd8-4be9-9aa6-e5b770998694	2391 3087 3624 2740
933a1434-3fd8-4be9-9aa6-e5b770998694	9988 3886 3996 1363
933a1434-3fd8-4be9-9aa6-e5b770998694	5068 8962 0989 0152
acb0bb29-1da6-4e95-acc1-62537aab3b5c	7704 6484 0804 6416
98f8b26f-2248-4558-98e5-42308d8ea1fe	1688 3780 8949 6147
98f8b26f-2248-4558-98e5-42308d8ea1fe	1618 1895 1631 2607
98f8b26f-2248-4558-98e5-42308d8ea1fe	4047 6759 9739 2450
98f8b26f-2248-4558-98e5-42308d8ea1fe	9786 5322 2366 4954
7c1f36ca-02b4-4629-8fac-f149dbf2fc64	9598 3548 2801 9235
7c1f36ca-02b4-4629-8fac-f149dbf2fc64	5849 0512 5297 1523
7c1f36ca-02b4-4629-8fac-f149dbf2fc64	9819 2050 8748 3564
09dce193-18a2-4266-8457-4e490959b65a	6744 4668 5820 5087
72207d5a-ee46-4c29-bf8a-13e2722e3621	7034 6023 0790 7786
72207d5a-ee46-4c29-bf8a-13e2722e3621	5658 2670 8276 8610
8d82b42d-7e1d-47d3-a5ec-5de16811e7f0	3817 6947 4783 4716
7e2c98fc-3371-4f38-b36a-84da15442cbe	8190 5804 9193 4432
7e2c98fc-3371-4f38-b36a-84da15442cbe	1366 6001 4895 2078
7e2c98fc-3371-4f38-b36a-84da15442cbe	1200 1418 8659 8548
7e2c98fc-3371-4f38-b36a-84da15442cbe	7564 5519 5164 7761
dc222843-7aca-458b-92a2-98eb22f7283f	2440 0722 1645 4142
dc222843-7aca-458b-92a2-98eb22f7283f	1606 0228 1133 6313
dc222843-7aca-458b-92a2-98eb22f7283f	7750 5151 6357 3043
2fa67b17-a072-4ed4-9756-5f05bb01082d	4563 7938 7582 3888
2fa67b17-a072-4ed4-9756-5f05bb01082d	5380 0418 5665 7894
2fa67b17-a072-4ed4-9756-5f05bb01082d	1108 8142 7899 8297
f24d42ad-ee70-407b-bc03-189096b3bb64	7566 6143 9961 3076
f24d42ad-ee70-407b-bc03-189096b3bb64	0980 3265 0346 7632
f24d42ad-ee70-407b-bc03-189096b3bb64	3218 9803 8827 1092
6024d21d-7748-4376-a389-37498b3b9dde	5358 4586 8758 1526
6024d21d-7748-4376-a389-37498b3b9dde	5621 2164 0556 6856
16dfb68e-ff47-4bb4-a0ac-95b879889c30	0277 5365 8685 9699
6edc5c41-4d93-4614-b00a-0b588153dd4d	8580 4706 9670 8672
6edc5c41-4d93-4614-b00a-0b588153dd4d	1474 1572 8284 9081
6edc5c41-4d93-4614-b00a-0b588153dd4d	6286 1898 6805 1846
f08f4f5f-86a8-45aa-9b31-ad347e192dd1	5905 1347 4046 0542
f08f4f5f-86a8-45aa-9b31-ad347e192dd1	3870 9920 7925 3417
5596d1a2-ac46-441a-9207-68f0420109d8	7535 7206 2682 3435
5596d1a2-ac46-441a-9207-68f0420109d8	9384 8895 7491 3716
4766432a-83d3-4b56-aed2-76af5ee48422	1840 1534 3421 4794
4766432a-83d3-4b56-aed2-76af5ee48422	1537 1767 7587 4157
1d87b2c8-ee2f-4572-be26-08e892503bd0	2913 4948 6534 6373
ab29ed63-c6b9-41eb-ac7b-6bceeef9b469	9098 0331 6184 9464
ab29ed63-c6b9-41eb-ac7b-6bceeef9b469	2526 8281 6445 6210
ab29ed63-c6b9-41eb-ac7b-6bceeef9b469	6736 0608 0156 8525
c97661da-7498-4342-9d47-39c04dd1718e	7115 8331 2513 9065
501d9ff4-b4b4-4f6b-a415-2f287bbbaa9e	8031 1840 4278 1622
501d9ff4-b4b4-4f6b-a415-2f287bbbaa9e	5218 5787 0019 7847
501d9ff4-b4b4-4f6b-a415-2f287bbbaa9e	6622 2149 6335 8658
652d8e8d-177b-479d-8743-b6533be92cb7	3254 3041 8509 2431
652d8e8d-177b-479d-8743-b6533be92cb7	2757 5738 4436 3166
64cda0c7-c7dc-4a5c-b907-3eeb18c44733	9973 1513 4376 2990
e96146c0-8ed9-4f24-a5ad-9dba7d0e6c89	4638 4941 4402 8602
e96146c0-8ed9-4f24-a5ad-9dba7d0e6c89	9198 0461 7679 1876
e96146c0-8ed9-4f24-a5ad-9dba7d0e6c89	0755 8591 5364 0535
a2c940e4-c77e-4c8c-bb18-f26f03042483	1384 7395 5928 1421
a2c940e4-c77e-4c8c-bb18-f26f03042483	4642 9194 6552 5254
a2c940e4-c77e-4c8c-bb18-f26f03042483	7957 1393 9113 3600
a2c940e4-c77e-4c8c-bb18-f26f03042483	7003 7717 8744 1025
583b6aa8-1363-409d-a3bf-d324bf795ab2	1336 5279 1872 9389
583b6aa8-1363-409d-a3bf-d324bf795ab2	1756 4028 1401 9493
f9ef5d1b-a59d-4f34-be3e-207d009910f0	2428 0793 5504 5690
2d42c80f-cb44-47c3-8590-44784a768c7c	1951 1602 4017 5161
2d42c80f-cb44-47c3-8590-44784a768c7c	0871 2932 9557 4255
3e863536-b184-41c8-acd8-d18ae0c92937	8943 7294 8560 1681
3e863536-b184-41c8-acd8-d18ae0c92937	4694 0542 8149 5996
3e863536-b184-41c8-acd8-d18ae0c92937	2513 0716 4606 6042
3e863536-b184-41c8-acd8-d18ae0c92937	8388 4361 0345 3328
aa55d320-d2d7-4800-8481-15762f290335	0326 9902 5069 2094
aa55d320-d2d7-4800-8481-15762f290335	8656 6829 7399 2921
3645c299-02f1-449f-802f-6f06d9777ccd	0500 7923 6174 2798
3645c299-02f1-449f-802f-6f06d9777ccd	8709 7702 1759 7377
3645c299-02f1-449f-802f-6f06d9777ccd	4667 9182 7870 6194
3645c299-02f1-449f-802f-6f06d9777ccd	8104 9092 5760 2871
ef3d65b8-4ddd-4acb-ae07-ab63e377b016	8184 0519 4986 5822
ac86d70f-fded-4d67-aa32-12e0800a2f6c	2526 7625 7557 2493
ac86d70f-fded-4d67-aa32-12e0800a2f6c	1030 1175 3266 7836
ac86d70f-fded-4d67-aa32-12e0800a2f6c	5936 7918 8189 5291
e4713443-9de9-407f-ba88-59b76bd46aaf	5119 7517 9890 8773
e4713443-9de9-407f-ba88-59b76bd46aaf	6154 5610 5149 6127
74ff2194-df82-4a4a-844d-a007bd574e99	3372 8261 3567 1559
56ed0d30-0191-4dcd-84d1-87bb65122f87	4287 3471 9211 9930
1ff9b22f-186a-4781-ba09-f63f719a5049	8294 3548 3964 7017
1ff9b22f-186a-4781-ba09-f63f719a5049	1924 9067 7051 1930
\.

COPY public.clients_changes (id, client_id, change_type, change_timestamp, author, changeset) FROM stdin;
fa0b52b1-a33f-4e54-9ff3-f15dcd9b8453	1b3f2a11-09a8-4afd-9af0-1ab8b6485e31	CREATED	2011-04-28 11:50:35.581000	d9e40989-4892-49bf-a247-bf6f0c82378a	[{"field":"gender","new":"F"},{"field":"firstName","new":"Amelia"},{"field":"lastName","new":"Pierce"},{"field":"address","new":"Queens Road 1482, Bristol, Cambridgeshire ST7 9GA"},{"field":"phoneNumber","new":"0744-910-818"},{"field":"email","new":"amelia.pierce@example.com"},{"field":"birthDate","new":"1982-07-22 20:30:05.836000"},{"field":"creditCards","new":""}]
bf729957-88ac-433b-876b-9f17c99bfe84	54616218-3441-4c1d-beac-6297db20a490	CREATED	2017-12-11 23:07:18.657000	d9e40989-4892-49bf-a247-bf6f0c82378a	[{"field":"gender","new":"M"},{"field":"firstName","new":"Daniel"},{"field":"lastName","new":"Hidalgo"},{"field":"address","new":"Calle de Bravo Murillo 3158, Guadalajara, Islas Baleares 22000"},{"field":"phoneNumber","new":"640-392-589"},{"field":"email","new":"daniel.hidalgo@example.com"},{"field":"birthDate","new":"1994-08-12 08:15:29.881000"},{"field":"creditCards","new":"4312 3581 4844 5395,1844 8363 1398 4741,9219 5730 7689 4786,8644 0235 9819 0140"}]
21cfcb27-f879-4de9-a758-f448950945ec	c78f4dbf-3177-419a-a7ac-096c331ed57b	CREATED	2016-11-07 12:07:13.486000	d9e40989-4892-49bf-a247-bf6f0c82378a	[{"field":"gender","new":"F"},{"field":"firstName","new":"Anastasia"},{"field":"lastName","new":"Francois"},{"field":"address","new":"Place de L'Abbé-Georges-Hénocque 9530, Hauteville, Aargau 7903"},{"field":"phoneNumber","new":"078 797 02 66"},{"field":"email","new":"anastasia.francois@example.com"},{"field":"birthDate","new":"1981-12-04 07:24:07.257000"},{"field":"creditCards","new":"1206 6309 6590 4252,0570 3952 3386 9888"}]
79dcf91f-198d-420e-9e6a-feac9adde738	3569a18b-1249-48c7-bccf-a194fb07462e	CREATED	2003-07-02 04:27:59.516000	d9e40989-4892-49bf-a247-bf6f0c82378a	[{"field":"gender","new":"F"},{"field":"firstName","new":"Kate"},{"field":"lastName","new":"Chen"},{"field":"address","new":"Clark Avenue 8220, Hastings, Bay of Plenty 24415"},{"field":"phoneNumber","new":"(284)-713-5757"},{"field":"email","new":"kate.chen@example.com"},{"field":"birthDate","new":"1960-05-27 05:18:03.274000"},{"field":"creditCards","new":"0648 5552 3456 2011,7883 8837 6003 5686,0094 0494 1324 3695"}]
fc6dfe73-9bc5-4aef-9213-f8b24005e13b	2a77f20d-1d47-4f93-bcce-401e6dfced64	CREATED	2004-04-08 20:00:03.527000	d9e40989-4892-49bf-a247-bf6f0c82378a	[{"field":"gender","new":"M"},{"field":"firstName","new":"Soren"},{"field":"lastName","new":"Faure"},{"field":"address","new":"Rue de L'Abbé-Migne 7065, Rennes, Finistère 58084"},{"field":"phoneNumber","new":"06-25-23-74-08"},{"field":"email","new":"soren.faure@example.com"},{"field":"birthDate","new":"1959-05-04 15:53:40.889000"},{"field":"creditCards","new":"3238 1977 8869 0969,7837 0150 9363 8947,0362 9713 1304 8572"}]
9a388d5a-6ed9-4044-bfc5-0a02aab7ad98	975c4e49-f54a-49b4-857d-a49985646f56	CREATED	2008-07-26 18:40:46.839000	d9e40989-4892-49bf-a247-bf6f0c82378a	[{"field":"gender","new":"M"},{"field":"firstName","new":"Mathis"},{"field":"lastName","new":"Rey"},{"field":"address","new":"Cours Charlemagne 8350, Bordeaux, Territoire De Belfort 65189"},{"field":"phoneNumber","new":"06-10-73-36-52"},{"field":"email","new":"mathis.rey@example.com"},{"field":"birthDate","new":"1984-09-27 13:27:10.981000"},{"field":"creditCards","new":"9322 3727 5494 3676,6710 4327 9838 6164"}]
fa0d3c1e-f37d-4b6e-9c40-133f351c7c28	28e3f12b-daf9-49ee-aa96-77815605e49e	CREATED	2012-02-06 11:13:55.236000	d9e40989-4892-49bf-a247-bf6f0c82378a	[{"field":"gender","new":"M"},{"field":"firstName","new":"Clifton"},{"field":"lastName","new":"Hicks"},{"field":"address","new":"Victoria Road 9962, Brighton and Hove, Somerset XY8 1NU"},{"field":"phoneNumber","new":"0761-593-682"},{"field":"email","new":"clifton.hicks@example.com"},{"field":"birthDate","new":"1979-09-11 07:34:10.190000"},{"field":"creditCards","new":""}]
e991bc63-7c87-44f8-9526-388512295621	95a0ec84-3f05-4d1f-b605-c807d1090bcd	CREATED	2016-05-24 02:04:45.497000	d9e40989-4892-49bf-a247-bf6f0c82378a	[{"field":"gender","new":"M"},{"field":"firstName","new":"Vítor"},{"field":"lastName","new":"da Costa"},{"field":"address","new":"Rua Amazonas  928, Duque de Caxias, Maranhão 10740"},{"field":"phoneNumber","new":"(26) 4497-0739"},{"field":"email","new":"vitor.dacosta@example.com"},{"field":"birthDate","new":"1945-08-21 15:28:45.401000"},{"field":"creditCards","new":"9195 6378 5777 7269,3259 1990 5761 6120,8040 1442 1772 6987,3036 5985 2099 6153"}]
6652ca68-3b46-4cd3-893e-06c3957f6d37	bac7df27-b5ba-4cfc-84a9-903496ee7bde	CREATED	2014-12-27 21:49:50.772000	d9e40989-4892-49bf-a247-bf6f0c82378a	[{"field":"gender","new":"F"},{"field":"firstName","new":"Lotta"},{"field":"lastName","new":"Ketola"},{"field":"address","new":"Satakennankatu 7678, Multia, Pirkanmaa 97107"},{"field":"phoneNumber","new":"044-045-87-60"},{"field":"email","new":"lotta.ketola@example.com"},{"field":"birthDate","new":"1990-10-31 05:34:28.026000"},{"field":"creditCards","new":"3924 9112 7382 0277"}]
a37a0e61-ba0a-4673-9f79-ce32e46f20c7	23d24120-04ef-40c4-8d0e-41c237825e32	CREATED	2011-04-26 03:26:34.049000	d9e40989-4892-49bf-a247-bf6f0c82378a	[{"field":"gender","new":"M"},{"field":"firstName","new":"Adam"},{"field":"lastName","new":"Stevens"},{"field":"address","new":"E Little York Rd 9355, Chicago, Colorado 74722"},{"field":"phoneNumber","new":"(755)-363-4152"},{"field":"email","new":"adam.stevens@example.com"},{"field":"birthDate","new":"1989-09-26 20:40:02.795000"},{"field":"creditCards","new":"8544 2420 9233 2064,4693 3003 2736 2853,6430 2275 2145 8397,9400 6503 0199 9425"}]
55709696-76b0-468c-a37c-1bdeda00b1ea	e6b248c9-b87e-448b-9c48-400091f5733b	CREATED	2009-06-04 03:23:40.117000	d9e40989-4892-49bf-a247-bf6f0c82378a	[{"field":"gender","new":"M"},{"field":"firstName","new":"Viljami"},{"field":"lastName","new":"Kumpula"},{"field":"address","new":"Reijolankatu 5410, Forssa, Southern Ostrobothnia 39044"},{"field":"phoneNumber","new":"043-156-65-92"},{"field":"email","new":"viljami.kumpula@example.com"},{"field":"birthDate","new":"1967-03-10 09:25:43.213000"},{"field":"creditCards","new":"9467 8827 0558 0260,9166 8757 3675 7580,4676 9339 9434 7798"}]
4e4f5dd3-5cf4-409a-aeb4-70d9a12204bd	cab8e400-0b49-434c-b0df-9e2e6069771a	CREATED	2016-08-07 11:45:41.372000	d9e40989-4892-49bf-a247-bf6f0c82378a	[{"field":"gender","new":"M"},{"field":"firstName","new":"اميرعلي"},{"field":"lastName","new":"گلشن"},{"field":"address","new":"شهید شهرام امیری 3412, خمینی‌شهر, خراسان شمالی 22534"},{"field":"phoneNumber","new":"0919-381-6208"},{"field":"email","new":"myraaly.glshn@example.com"},{"field":"birthDate","new":"1960-12-25 16:08:19.047000"},{"field":"creditCards","new":"8941 2706 4285 6342"}]
764e1198-e9df-4465-b123-de26cdd53a6c	d22e9aac-6a84-460a-87b5-c8098e664911	CREATED	2010-04-14 04:42:24.514000	d9e40989-4892-49bf-a247-bf6f0c82378a	[{"field":"gender","new":"-"},{"field":"firstName","new":"Hunter"},{"field":"lastName","new":"Anderson"},{"field":"address","new":"9th St 678, Charlottetown, New Brunswick Y2Q 7C0"},{"field":"phoneNumber","new":"368-421-4583"},{"field":"email","new":"hunter.anderson@example.com"},{"field":"birthDate","new":"1980-03-14 04:43:14.247000"},{"field":"creditCards","new":"8369 1866 8902 8845,2338 2710 6176 0743"}]
e54238b6-43fd-4980-a8d9-9dc165b0974d	5a83c2a0-8d59-46b9-8262-fe1c3f16c15e	CREATED	2018-03-15 17:49:42.383000	d9e40989-4892-49bf-a247-bf6f0c82378a	[{"field":"gender","new":"F"},{"field":"firstName","new":"Bridget"},{"field":"lastName","new":"Rodrigues"},{"field":"address","new":"Rua Minas Gerais  6465, Balneário Camboriú, Mato Grosso do Sul 37628"},{"field":"phoneNumber","new":"(22) 6886-9570"},{"field":"email","new":"bridget.rodrigues@example.com"},{"field":"birthDate","new":"1983-07-08 09:19:44.125000"},{"field":"creditCards","new":""}]
d0f08b4c-540f-4089-ab94-067aaaa38ec1	36da92c6-9fcf-403c-885b-94794460c984	CREATED	2013-05-21 04:39:56.612000	d9e40989-4892-49bf-a247-bf6f0c82378a	[{"field":"gender","new":"M"},{"field":"firstName","new":"احسان"},{"field":"lastName","new":"حیدری"},{"field":"address","new":"پارک دانشجو 1871, کاشان, سمنان 65995"},{"field":"phoneNumber","new":"0937-732-6251"},{"field":"email","new":"hsn.hydry@example.com"},{"field":"birthDate","new":"1998-09-15 19:59:07.325000"},{"field":"creditCards","new":""}]
4f9939ad-446f-482c-8d36-8fc68412e338	e7958c7b-3322-46e7-9019-0fea74d90f47	CREATED	2019-09-08 16:02:53.665000	d9e40989-4892-49bf-a247-bf6f0c82378a	[{"field":"gender","new":"F"},{"field":"firstName","new":"Tracey"},{"field":"lastName","new":"Wright"},{"field":"address","new":"Galway Road 6748, Portlaoise, Offaly 22273"},{"field":"phoneNumber","new":"081-921-4767"},{"field":"email","new":"tracey.wright@example.com"},{"field":"birthDate","new":"1991-04-24 21:04:42.072000"},{"field":"creditCards","new":""}]
104325ae-d832-47d5-8ed9-2c31bf4ee7a8	c5c7e663-5abf-41f2-9e67-e85296cbe475	CREATED	2005-07-15 05:26:20.285000	d9e40989-4892-49bf-a247-bf6f0c82378a	[{"field":"gender","new":"M"},{"field":"firstName","new":"Okan"},{"field":"lastName","new":"Kaplangı"},{"field":"address","new":"Anafartalar Cd 2169, Çorum, Tekirdağ 24393"},{"field":"phoneNumber","new":"(525)-042-8766"},{"field":"email","new":"okan.kaplangi@example.com"},{"field":"birthDate","new":"1997-02-23 22:16:01.259000"},{"field":"creditCards","new":"7641 9283 7422 9600,2095 8605 0202 4666"}]
a5814113-861e-4c77-9e78-8810406c0b23	c971d7eb-b4d8-4856-8493-8e6ae399245e	CREATED	2008-03-28 08:44:29.522000	d9e40989-4892-49bf-a247-bf6f0c82378a	[{"field":"gender","new":"M"},{"field":"firstName","new":"Warren"},{"field":"lastName","new":"Gibson"},{"field":"address","new":"North Street 2887, Winchester, Somerset PS3R 4YZ"},{"field":"phoneNumber","new":"0748-985-431"},{"field":"email","new":"warren.gibson@example.com"},{"field":"birthDate","new":"1979-06-28 12:45:24.530000"},{"field":"creditCards","new":"2918 4922 2614 3616,0176 0136 5061 6936"}]
45def37d-a1aa-4b1d-836e-057ff9656714	27c92bba-5b8d-4e41-a427-20a9aca16445	CREATED	2008-08-14 02:51:04.302000	d9e40989-4892-49bf-a247-bf6f0c82378a	[{"field":"gender","new":"F"},{"field":"firstName","new":"Doris"},{"field":"lastName","new":"Hicks"},{"field":"address","new":"Eason Rd 9596, Roseville, California 81813"},{"field":"phoneNumber","new":"(651)-630-5115"},{"field":"email","new":"doris.hicks@example.com"},{"field":"birthDate","new":"1987-11-25 21:42:21.796000"},{"field":"creditCards","new":""}]
7d882274-8cab-401a-94e8-7232f15aec1a	3e49c315-f361-4145-8cff-5e1c3c27a0ce	CREATED	2009-05-25 19:43:25.702000	d9e40989-4892-49bf-a247-bf6f0c82378a	[{"field":"gender","new":"M"},{"field":"firstName","new":"Konsta"},{"field":"lastName","new":"Harju"},{"field":"address","new":"Mechelininkatu 1671, Siilinjärvi, Northern Ostrobothnia 58133"},{"field":"phoneNumber","new":"043-857-83-13"},{"field":"email","new":"konsta.harju@example.com"},{"field":"birthDate","new":"1979-06-27 16:57:26.375000"},{"field":"creditCards","new":"2807 7192 7779 5501"}]
063ded2d-15e5-4156-90ab-5f23b79dfa31	560af1a9-3977-4fb0-86e6-c844dcc89f3d	CREATED	2005-12-24 15:51:30.980000	d9e40989-4892-49bf-a247-bf6f0c82378a	[{"field":"gender","new":"M"},{"field":"firstName","new":"Roberto"},{"field":"lastName","new":"Thomas"},{"field":"address","new":"Camden Ave 1144, Mildura, Tasmania 2694"},{"field":"phoneNumber","new":"0451-079-658"},{"field":"email","new":"roberto.thomas@example.com"},{"field":"birthDate","new":"1958-07-05 00:40:32.452000"},{"field":"creditCards","new":"6335 9904 8184 9784,9786 9436 4765 8906,9082 6715 3706 8575"}]
555ffac6-c293-4c15-8721-8292e1a19772	c844ca88-db35-4b62-8227-078dca1b28f4	CREATED	2017-08-10 06:47:30.318000	d9e40989-4892-49bf-a247-bf6f0c82378a	[{"field":"gender","new":"M"},{"field":"firstName","new":"Barry"},{"field":"lastName","new":"Hernandez"},{"field":"address","new":"Fairview St 1627, Geraldton, Northern Territory 5845"},{"field":"phoneNumber","new":"0454-316-635"},{"field":"email","new":"barry.hernandez@example.com"},{"field":"birthDate","new":"1983-11-23 16:25:53.068000"},{"field":"creditCards","new":""}]
e27f875f-f979-4294-a272-460beaaa41a3	be321ba0-6f16-4ef8-978d-85103e9ea93a	CREATED	2018-03-02 16:58:07.063000	d9e40989-4892-49bf-a247-bf6f0c82378a	[{"field":"gender","new":"M"},{"field":"firstName","new":"Kendrick"},{"field":"lastName","new":"Nelemans"},{"field":"address","new":"Hulskamphof 9047, Ospel, Limburg 86012"},{"field":"phoneNumber","new":"(696)-975-7122"},{"field":"email","new":"kendrick.nelemans@example.com"},{"field":"birthDate","new":"1949-02-17 14:32:19.674000"},{"field":"creditCards","new":"8809 3520 3571 7992"}]
83aa2d36-331f-44be-bf33-a47311b87f93	95a56294-a932-4487-b467-f658b0c53cde	CREATED	2018-08-09 05:47:43.979000	d9e40989-4892-49bf-a247-bf6f0c82378a	[{"field":"gender","new":"F"},{"field":"firstName","new":"Anália"},{"field":"lastName","new":"Porto"},{"field":"address","new":"Rua Quatro 1094, Jaú, Roraima 32127"},{"field":"phoneNumber","new":"(42) 7589-5604"},{"field":"email","new":"analia.porto@example.com"},{"field":"birthDate","new":"1955-03-29 07:00:10.215000"},{"field":"creditCards","new":"4753 4549 6827 6670"}]
a20e2e6c-7c79-453f-9fd2-4202fe811827	c45d1e66-7744-4893-8618-a98f3623b13f	CREATED	2010-08-26 00:54:45.634000	d9e40989-4892-49bf-a247-bf6f0c82378a	[{"field":"gender","new":"-"},{"field":"firstName","new":"Caroline"},{"field":"lastName","new":"Rasmussen"},{"field":"address","new":"Åkandevej 8819, København Ø, Midtjylland 56790"},{"field":"phoneNumber","new":"80487823"},{"field":"email","new":"caroline.rasmussen@example.com"},{"field":"birthDate","new":"1995-08-27 09:15:49.320000"},{"field":"creditCards","new":""}]
09d106f7-cb3b-44ae-b010-17d26db46c2e	755227bb-ca89-4b45-a4d1-ef8a6ae23c3f	CREATED	2019-09-21 10:03:07.857000	d9e40989-4892-49bf-a247-bf6f0c82378a	[{"field":"gender","new":"F"},{"field":"firstName","new":"Suzy"},{"field":"lastName","new":"Nguyen"},{"field":"address","new":"Westmoreland Street 5607, Clonmel, Donegal 70511"},{"field":"phoneNumber","new":"081-198-1000"},{"field":"email","new":"suzy.nguyen@example.com"},{"field":"birthDate","new":"1964-09-15 07:00:39.801000"},{"field":"creditCards","new":"6841 3047 8034 1829,6784 3221 5989 5201,5425 1751 6314 4794,0446 7117 4673 2511"}]
70a56d98-eae8-4785-b490-7b1067130647	2a40d276-1a11-4247-bf9e-26363df0a745	CREATED	2019-09-25 06:47:05.090000	d9e40989-4892-49bf-a247-bf6f0c82378a	[{"field":"gender","new":"M"},{"field":"firstName","new":"Allen"},{"field":"lastName","new":"Richardson"},{"field":"address","new":"O'Connell Street 748, Swords, Meath 59181"},{"field":"phoneNumber","new":"081-924-9964"},{"field":"email","new":"allen.richardson@example.com"},{"field":"birthDate","new":"1969-08-02 01:52:02.074000"},{"field":"creditCards","new":"3921 2855 6515 0227,9061 1020 0131 3098,8735 0202 3960 9342"}]
f5dc51ab-031e-4cba-80b3-8c95ace93c6a	8f811aa4-ad73-4268-95e4-9b100d1d4ba6	CREATED	2009-04-05 02:39:18.628000	d9e40989-4892-49bf-a247-bf6f0c82378a	[{"field":"gender","new":"F"},{"field":"firstName","new":"Molly"},{"field":"lastName","new":"Walker"},{"field":"address","new":"Main South Road 8595, Whangarei, Northland 39100"},{"field":"phoneNumber","new":"(650)-593-0332"},{"field":"email","new":"molly.walker@example.com"},{"field":"birthDate","new":"1973-06-28 17:31:14.652000"},{"field":"creditCards","new":"8919 9171 2243 5618,4362 7789 9002 3789,7388 7463 8140 2715,5792 9418 2566 3104"}]
eb365b3b-99cc-4e3d-a16a-b5d32e23a252	49ce1d99-d8c8-4ebe-8cb6-c9ff97c34aed	CREATED	2014-01-03 07:12:33.166000	d9e40989-4892-49bf-a247-bf6f0c82378a	[{"field":"gender","new":"F"},{"field":"firstName","new":"Lauren"},{"field":"lastName","new":"Cunningham"},{"field":"address","new":"Grafton Street 4473, Cashel, Cork City 55467"},{"field":"phoneNumber","new":"081-880-5775"},{"field":"email","new":"lauren.cunningham@example.com"},{"field":"birthDate","new":"1973-06-01 19:11:46.089000"},{"field":"creditCards","new":""}]
afbcdb5a-da27-4e85-87f3-c7759a8364af	9c0a0225-2ed6-49ea-845b-35aa15fa440e	CREATED	2002-06-02 10:16:40.138000	d9e40989-4892-49bf-a247-bf6f0c82378a	[{"field":"gender","new":"M"},{"field":"firstName","new":"Celal"},{"field":"lastName","new":"Nguyen"},{"field":"address","new":"Blumenstraße 8134, Stadtroda, Brandenburg 49215"},{"field":"phoneNumber","new":"0177-6161185"},{"field":"email","new":"celal.nguyen@example.com"},{"field":"birthDate","new":"1985-09-30 05:16:14.546000"},{"field":"creditCards","new":""}]
fffc9cef-f66e-471a-9021-837d0c9c3f19	5e7005cb-5494-4919-9ff7-ea2cb2c3cc08	CREATED	2002-04-20 05:43:20.433000	d9e40989-4892-49bf-a247-bf6f0c82378a	[{"field":"gender","new":"F"},{"field":"firstName","new":"Wenke"},{"field":"lastName","new":"Kast"},{"field":"address","new":"Kapellenweg 590, Herne, Brandenburg 45750"},{"field":"phoneNumber","new":"0172-5362809"},{"field":"email","new":"wenke.kast@example.com"},{"field":"birthDate","new":"1981-12-17 12:43:16.529000"},{"field":"creditCards","new":"0102 4274 4661 5137,0750 6424 8904 4274,2749 2001 8134 2900,4243 5421 3093 2860"}]
2d798653-885b-4b76-914e-a501a1c8415e	8c2ddfa0-45ec-4a10-b326-babfc64ba8e7	CREATED	2004-03-10 10:57:02.339000	d9e40989-4892-49bf-a247-bf6f0c82378a	[{"field":"gender","new":"M"},{"field":"firstName","new":"Glen"},{"field":"lastName","new":"Jackson"},{"field":"address","new":"Queens Road 4457, Coventry, County Tyrone C2G 4BJ"},{"field":"phoneNumber","new":"0757-300-260"},{"field":"email","new":"glen.jackson@example.com"},{"field":"birthDate","new":"1992-06-09 12:40:27.650000"},{"field":"creditCards","new":"5777 1151 9503 4016,0746 2690 2844 7399,1890 9253 2069 9159,0777 7847 5439 6070"}]
7a4d864c-2d4c-4629-8c1a-e005f9ca5901	0313b2e9-5cd0-4c6a-833f-3c4bff62dd00	CREATED	2011-07-16 03:06:28.588000	d9e40989-4892-49bf-a247-bf6f0c82378a	[{"field":"gender","new":"F"},{"field":"firstName","new":"آدرینا"},{"field":"lastName","new":"كامياران"},{"field":"address","new":"کارگر شمالی 214, ورامین, سمنان 87337"},{"field":"phoneNumber","new":"0948-898-2414"},{"field":"email","new":"adryn.kmyrn@example.com"},{"field":"birthDate","new":"1978-03-24 07:32:51.082000"},{"field":"creditCards","new":""}]
f10cb12c-d8ca-4133-9b6f-9a885c099b09	9074ebaa-90f4-4f48-bc41-3bb03d6a25ba	CREATED	2006-04-09 22:12:20.868000	d9e40989-4892-49bf-a247-bf6f0c82378a	[{"field":"gender","new":"F"},{"field":"firstName","new":"Elma"},{"field":"lastName","new":"Eibl"},{"field":"address","new":"Dorfstraße 4255, Kröpelin, Sachsen-Anhalt 22876"},{"field":"phoneNumber","new":"0178-3716379"},{"field":"email","new":"elma.eibl@example.com"},{"field":"birthDate","new":"1988-09-02 11:40:55.639000"},{"field":"creditCards","new":"2278 4984 8580 2058"}]
b6bed06b-6d43-45a8-ae40-06814c20693b	1f4fef85-2df3-4c84-be25-b5db0e627656	CREATED	2017-04-07 12:28:11.507000	d9e40989-4892-49bf-a247-bf6f0c82378a	[{"field":"gender","new":"M"},{"field":"firstName","new":"Jose"},{"field":"lastName","new":"Jensen"},{"field":"address","new":"Eason Rd 2100, Queanbeyan, Western Australia 8574"},{"field":"phoneNumber","new":"0406-547-778"},{"field":"email","new":"jose.jensen@example.com"},{"field":"birthDate","new":"1968-03-06 08:59:31.982000"},{"field":"creditCards","new":"5721 6162 6224 5359,0869 9067 9866 4909,9287 5833 4772 8978"}]
184713df-0277-4211-8a0c-5f741d95b16c	24aafb13-d3f4-4a02-b6f6-268cbc7f22cb	CREATED	2004-02-24 01:41:04.123000	d9e40989-4892-49bf-a247-bf6f0c82378a	[{"field":"gender","new":"F"},{"field":"firstName","new":"Janske"},{"field":"lastName","new":"Wittenberg"},{"field":"address","new":"Dotterlaan 2888, Sibrandahus, Overijssel 12921"},{"field":"phoneNumber","new":"(844)-282-1082"},{"field":"email","new":"janske.wittenberg@example.com"},{"field":"birthDate","new":"1958-05-14 23:07:28.145000"},{"field":"creditCards","new":"1193 0859 0216 8535,0742 1067 8971 1816,5908 0634 8973 3674,6632 6154 5772 3979"}]
918defe8-a168-4b86-b6d1-b97bcc3fa22c	76d9de5d-7ce6-4e94-b09f-c23bce009a2c	CREATED	2015-09-25 12:02:28.714000	d9e40989-4892-49bf-a247-bf6f0c82378a	[{"field":"gender","new":"M"},{"field":"firstName","new":"Clifford"},{"field":"lastName","new":"Omahony"},{"field":"address","new":"Dame Street 4184, Clonakilty, Limerick 22775"},{"field":"phoneNumber","new":"081-769-7616"},{"field":"email","new":"clifford.omahony@example.com"},{"field":"birthDate","new":"1978-05-04 16:19:21.079000"},{"field":"creditCards","new":"5031 1714 8962 5647,6863 9029 2482 0398,6615 5205 5921 5536"}]
1e163268-1171-4184-8c86-2cd8057fc7e7	2d6ade82-fa07-4ded-8662-2d6dbacd96de	CREATED	2005-12-18 02:26:08.043000	d9e40989-4892-49bf-a247-bf6f0c82378a	[{"field":"gender","new":"F"},{"field":"firstName","new":"Maureen"},{"field":"lastName","new":"Caldwell"},{"field":"address","new":"Spring Hill Rd 2308, Pearland, South Dakota 36629"},{"field":"phoneNumber","new":"(253)-082-1107"},{"field":"email","new":"maureen.caldwell@example.com"},{"field":"birthDate","new":"1957-05-12 18:56:14.265000"},{"field":"creditCards","new":"4171 1521 5268 0394,9523 5771 6391 9293,3668 1125 9634 2649"}]
d52533ed-e298-4acb-9d5a-461445acc59b	323da012-889b-44a7-af09-e12ab561b8fc	CREATED	2015-03-01 14:52:04.940000	d9e40989-4892-49bf-a247-bf6f0c82378a	[{"field":"gender","new":"M"},{"field":"firstName","new":"Oğuzhan"},{"field":"lastName","new":"Türkdoğan"},{"field":"address","new":"Filistin Cd 3675, Malatya, Sinop 30733"},{"field":"phoneNumber","new":"(567)-264-6247"},{"field":"email","new":"oguzhan.turkdogan@example.com"},{"field":"birthDate","new":"1981-06-26 11:16:11.192000"},{"field":"creditCards","new":"6168 0966 0237 3871,5302 4038 3061 7042,7398 1688 8661 5256,4916 1512 8686 6684"}]
e9afc9e7-b186-4eae-a039-18b620f91158	f846c0f3-c1c8-4b2f-ad41-e98bc50d7b62	CREATED	2014-07-02 12:46:23.798000	d9e40989-4892-49bf-a247-bf6f0c82378a	[{"field":"gender","new":"F"},{"field":"firstName","new":"Adriana"},{"field":"lastName","new":"Dumont"},{"field":"address","new":"Rue du 8 Mai 1945 3779, La Chaux-du-Milieu, Obwalden 1707"},{"field":"phoneNumber","new":"075 496 94 59"},{"field":"email","new":"adriana.dumont@example.com"},{"field":"birthDate","new":"1961-12-17 22:50:46.071000"},{"field":"creditCards","new":"9930 8849 3716 7936,0836 0234 7348 4555"}]
c8f583c0-706c-40b7-b60b-05e12fbcabc9	61aa82b5-0921-489a-98fe-ec66171026c6	CREATED	2017-06-24 22:40:24.369000	d9e40989-4892-49bf-a247-bf6f0c82378a	[{"field":"gender","new":"F"},{"field":"firstName","new":"Jessica"},{"field":"lastName","new":"Roberts"},{"field":"address","new":"Wairau Road 4512, Tauranga, Auckland 58231"},{"field":"phoneNumber","new":"(872)-635-8668"},{"field":"email","new":"jessica.roberts@example.com"},{"field":"birthDate","new":"1957-05-03 11:18:36.122000"},{"field":"creditCards","new":"0847 2096 8659 4964,3518 8227 5417 3975,9156 2716 1029 7028,0164 7573 5584 1875"}]
a5342d37-cfa7-4e01-89ed-a7927ddc5d5c	fc2dd371-c25a-46f8-b5c0-fd6d9ce5260b	CREATED	2010-04-15 09:41:54.176000	d9e40989-4892-49bf-a247-bf6f0c82378a	[{"field":"gender","new":"M"},{"field":"firstName","new":"Ernest"},{"field":"lastName","new":"Jensen"},{"field":"address","new":"South Street 1299, Newry, Kent ZW26 3FX"},{"field":"phoneNumber","new":"0758-477-193"},{"field":"email","new":"ernest.jensen@example.com"},{"field":"birthDate","new":"1947-05-10 16:46:46.199000"},{"field":"creditCards","new":"7677 5522 1461 4294"}]
1aa74b10-330c-4aff-873e-bdffec17268e	6de6119a-82e5-49da-b6e9-f44307ce0bbc	CREATED	2008-05-21 18:14:17.871000	d9e40989-4892-49bf-a247-bf6f0c82378a	[{"field":"gender","new":"F"},{"field":"firstName","new":"Filippa"},{"field":"lastName","new":"Olsen"},{"field":"address","new":"Præstevej 7203, Kongsvinger, Midtjylland 39652"},{"field":"phoneNumber","new":"39885467"},{"field":"email","new":"filippa.olsen@example.com"},{"field":"birthDate","new":"1984-06-16 02:53:17.666000"},{"field":"creditCards","new":"6408 7115 6067 1692"}]
4b3b18c9-8396-4cc6-8f88-ef6dfdbb0e17	820cf99d-74b3-44d3-b640-71682464f321	CREATED	2009-01-28 10:02:48.696000	d9e40989-4892-49bf-a247-bf6f0c82378a	[{"field":"gender","new":"F"},{"field":"firstName","new":"Rosa"},{"field":"lastName","new":"Harvey"},{"field":"address","new":"Paddock Way 1480, Gladstone, Northern Territory 6348"},{"field":"phoneNumber","new":"0446-559-580"},{"field":"email","new":"rosa.harvey@example.com"},{"field":"birthDate","new":"1964-09-12 01:28:33.733000"},{"field":"creditCards","new":"1553 7143 9179 3796"}]
033b3dfb-1e6c-422f-b022-497a8a953cc8	117985fb-e630-4a88-97df-8752aa68bf5f	CREATED	2013-12-23 19:29:10.930000	d9e40989-4892-49bf-a247-bf6f0c82378a	[{"field":"gender","new":"M"},{"field":"firstName","new":"Roland"},{"field":"lastName","new":"Francois"},{"field":"address","new":"Rue Chazière 7459, Wila, Appenzell Innerrhoden 9073"},{"field":"phoneNumber","new":"076 881 19 99"},{"field":"email","new":"roland.francois@example.com"},{"field":"birthDate","new":"1997-10-09 04:24:01.147000"},{"field":"creditCards","new":"7365 7537 9572 6997,5918 6220 2384 7081,0034 8993 0974 6326,9446 2875 4985 0914"}]
33517400-5c94-4a18-8318-b85ba28f5197	82c9b787-4eca-47de-a2c7-b432e791e84d	CREATED	2007-09-18 17:12:56.949000	d9e40989-4892-49bf-a247-bf6f0c82378a	[{"field":"gender","new":"F"},{"field":"firstName","new":"Cathy"},{"field":"lastName","new":"Fields"},{"field":"address","new":"W Pecan St 2256, Santa Clara, Wyoming 17255"},{"field":"phoneNumber","new":"(443)-258-0305"},{"field":"email","new":"cathy.fields@example.com"},{"field":"birthDate","new":"1958-12-24 13:28:42.330000"},{"field":"creditCards","new":"4301 6866 5662 3015,5833 1110 6358 4800,0671 9700 4694 3574"}]
6aa33348-0abe-42c8-af3f-f0ca92e41a35	61ba589f-afb8-4b24-b100-577141c1c351	CREATED	2009-03-10 15:40:28.299000	d9e40989-4892-49bf-a247-bf6f0c82378a	[{"field":"gender","new":"M"},{"field":"firstName","new":"Jimmy"},{"field":"lastName","new":"Simmmons"},{"field":"address","new":"James St 9862, Flowermound, New York 61519"},{"field":"phoneNumber","new":"(618)-411-5155"},{"field":"email","new":"jimmy.simmmons@example.com"},{"field":"birthDate","new":"1959-10-08 16:10:59.756000"},{"field":"creditCards","new":"1440 9817 1668 2740"}]
e8842777-79ae-4744-b74a-7fcdd124987c	d3b0f2f2-4a4f-4a23-a613-75eb310d73b8	CREATED	2006-07-06 06:53:15.978000	d9e40989-4892-49bf-a247-bf6f0c82378a	[{"field":"gender","new":"F"},{"field":"firstName","new":"Josephine"},{"field":"lastName","new":"Fleury"},{"field":"address","new":"Rue du Château 5833, Wetzikon (Zh), Fribourg 5013"},{"field":"phoneNumber","new":"077 860 43 45"},{"field":"email","new":"josephine.fleury@example.com"},{"field":"birthDate","new":"1974-11-08 18:56:36.207000"},{"field":"creditCards","new":"6767 5153 2469 4833,4657 8801 6056 5354,7950 4408 2713 9930,8146 9785 4516 6107"}]
26fd43ae-8404-466a-a316-ab5dfc3848b4	8a165d2e-0eef-4778-b2ee-f9eb0de4f74d	CREATED	2013-04-05 10:46:30.441000	d9e40989-4892-49bf-a247-bf6f0c82378a	[{"field":"gender","new":"M"},{"field":"firstName","new":"Liam"},{"field":"lastName","new":"Collins"},{"field":"address","new":"W Gray St 7905, Cairns, Australian Capital Territory 6140"},{"field":"phoneNumber","new":"0459-088-150"},{"field":"email","new":"liam.collins@example.com"},{"field":"birthDate","new":"1948-07-02 20:13:33.897000"},{"field":"creditCards","new":""}]
f92dd860-c36a-4fd8-8ba8-4d9a71169927	fbbe8e07-ece3-4537-979d-fa8e8f42ab76	CREATED	2013-07-29 16:20:33.224000	d9e40989-4892-49bf-a247-bf6f0c82378a	[{"field":"gender","new":"M"},{"field":"firstName","new":"Oliver"},{"field":"lastName","new":"Brown"},{"field":"address","new":"Ponsonby Road 525, Whanganui, West Coast 42678"},{"field":"phoneNumber","new":"(731)-437-1780"},{"field":"email","new":"oliver.brown@example.com"},{"field":"birthDate","new":"1988-11-30 22:01:45.418000"},{"field":"creditCards","new":""}]
d2a35a08-acd5-4ebd-b4d9-a672d40d5b4f	d9411575-f5ac-43bb-82c2-fd30112bd624	CREATED	2018-04-22 22:03:18.342000	d9e40989-4892-49bf-a247-bf6f0c82378a	[{"field":"gender","new":"M"},{"field":"firstName","new":"Storm"},{"field":"lastName","new":"Thomsen"},{"field":"address","new":"Jupitervej 4095, Odense Sv, Syddanmark 56520"},{"field":"phoneNumber","new":"11762574"},{"field":"email","new":"storm.thomsen@example.com"},{"field":"birthDate","new":"1993-08-07 20:19:23.648000"},{"field":"creditCards","new":"2959 7217 6301 2887,3081 2568 6050 3603,0461 2696 1615 2312,5330 2048 2168 3143"}]
02dc346b-a76d-4811-9b64-3997e80c045c	60cf18da-8d8f-4cee-b0fa-307f4e313e93	CREATED	2013-12-17 09:33:10.885000	d9e40989-4892-49bf-a247-bf6f0c82378a	[{"field":"gender","new":"F"},{"field":"firstName","new":"Gaby"},{"field":"lastName","new":"Rumpf"},{"field":"address","new":"Mozartstraße 4682, Battenberg (Eder), Rheinland-Pfalz 46935"},{"field":"phoneNumber","new":"0170-0206304"},{"field":"email","new":"gaby.rumpf@example.com"},{"field":"birthDate","new":"1995-04-03 05:17:07.673000"},{"field":"creditCards","new":"3426 5995 9440 1230,9475 3709 7438 3964,8185 3148 0518 7034"}]
20da8045-7ef3-4d38-84ba-342511beccb8	46eea7f9-9f9c-40dc-bdd5-d7f850c256ad	CREATED	2014-11-24 07:00:51.354000	d9e40989-4892-49bf-a247-bf6f0c82378a	[{"field":"gender","new":"M"},{"field":"firstName","new":"Gabin"},{"field":"lastName","new":"Roussel"},{"field":"address","new":"Rue des Abbesses 9615, Nantes, Rhône 84694"},{"field":"phoneNumber","new":"06-10-69-55-57"},{"field":"email","new":"gabin.roussel@example.com"},{"field":"birthDate","new":"1946-06-24 04:19:18.376000"},{"field":"creditCards","new":"3370 8887 2804 1352,0529 0473 6700 4673,8750 6754 4075 8657,6561 5472 6209 3087"}]
b50cd1b6-477f-459a-8693-a5c8ca8ddd6b	77586fb4-103a-490d-8991-9e50553a9924	CREATED	2005-12-19 21:21:30.304000	d9e40989-4892-49bf-a247-bf6f0c82378a	[{"field":"gender","new":"M"},{"field":"firstName","new":"Gerrit"},{"field":"lastName","new":"Abrahams"},{"field":"address","new":"Janslust 7843, Borgsweer, Flevoland 22647"},{"field":"phoneNumber","new":"(510)-592-5984"},{"field":"email","new":"gerrit.abrahams@example.com"},{"field":"birthDate","new":"1946-03-07 16:38:52.358000"},{"field":"creditCards","new":"6895 6905 4302 0608"}]
c92384e0-2ec0-4bd8-8810-72ce40a9e6b2	33283e8c-0f1d-48ef-98a9-6dbb5d12dc09	CREATED	2004-12-14 17:50:03.662000	d9e40989-4892-49bf-a247-bf6f0c82378a	[{"field":"gender","new":"M"},{"field":"firstName","new":"Ricky"},{"field":"lastName","new":"Lopez"},{"field":"address","new":"North Street 2065, Newbridge, Leitrim 94804"},{"field":"phoneNumber","new":"081-498-9136"},{"field":"email","new":"ricky.lopez@example.com"},{"field":"birthDate","new":"1993-04-27 14:54:20.130000"},{"field":"creditCards","new":"5244 0970 7874 4444"}]
b6dad0ff-5bec-4610-a6c0-69072f39fe86	9c8c7b14-4729-46d2-9368-9df5e553b0ac	CREATED	2019-09-06 18:05:15.532000	d9e40989-4892-49bf-a247-bf6f0c82378a	[{"field":"gender","new":"M"},{"field":"firstName","new":"Jonas"},{"field":"lastName","new":"Christensen"},{"field":"address","new":"Ådalen 5422, Roskilde, Danmark 81815"},{"field":"phoneNumber","new":"21411942"},{"field":"email","new":"jonas.christensen@example.com"},{"field":"birthDate","new":"1995-01-08 08:09:37.947000"},{"field":"creditCards","new":"5813 3537 6433 2772,8706 5764 5443 0516"}]
bacdab7e-2d1b-47a1-9b31-f65ae3ea91a3	931d9076-e0ca-42a2-ac93-af6920763616	CREATED	2015-08-30 07:19:39.217000	d9e40989-4892-49bf-a247-bf6f0c82378a	[{"field":"gender","new":"M"},{"field":"firstName","new":"Gaël"},{"field":"lastName","new":"Schmitt"},{"field":"address","new":"Rue Gasparin 9134, Vitry-sur-Seine, Nièvre 95923"},{"field":"phoneNumber","new":"06-80-06-46-07"},{"field":"email","new":"gael.schmitt@example.com"},{"field":"birthDate","new":"1959-07-18 13:01:54.445000"},{"field":"creditCards","new":"6289 5096 2306 7930"}]
b200f9bf-fef0-4040-8013-c2002ce77c08	ce2ab06c-b001-4d4f-962e-cc48694d0f81	CREATED	2002-08-18 00:21:24.241000	d9e40989-4892-49bf-a247-bf6f0c82378a	[{"field":"gender","new":"F"},{"field":"firstName","new":"Nina"},{"field":"lastName","new":"Evans"},{"field":"address","new":"St Aubyn Street 1548, Hamilton, Manawatu-Wanganui 35777"},{"field":"phoneNumber","new":"(943)-278-0113"},{"field":"email","new":"nina.evans@example.com"},{"field":"birthDate","new":"1990-09-24 05:41:07.577000"},{"field":"creditCards","new":""}]
c9621352-c871-4af8-93c2-0747b3f054a5	c7a43703-75f4-4ef9-9a9e-15a7945c9822	CREATED	2010-04-09 16:36:37.171000	d9e40989-4892-49bf-a247-bf6f0c82378a	[{"field":"gender","new":"F"},{"field":"firstName","new":"Bettina"},{"field":"lastName","new":"Burkhardt"},{"field":"address","new":"Industriestraße 9796, Bad Elster, Rheinland-Pfalz 89191"},{"field":"phoneNumber","new":"0174-4407028"},{"field":"email","new":"bettina.burkhardt@example.com"},{"field":"birthDate","new":"1958-04-15 13:04:13.054000"},{"field":"creditCards","new":""}]
a1ae2655-705a-44cf-91bd-8f271dd5b9f7	2ce10850-33ad-4a94-9ce2-7e74e569cdd4	CREATED	2009-08-08 12:41:58.664000	d9e40989-4892-49bf-a247-bf6f0c82378a	[{"field":"gender","new":"F"},{"field":"firstName","new":"Clara"},{"field":"lastName","new":"Kvale"},{"field":"address","new":"Eikenga 8814, Evje, Aust-Agder 2421"},{"field":"phoneNumber","new":"44993222"},{"field":"email","new":"clara.kvale@example.com"},{"field":"birthDate","new":"1956-02-09 06:01:45.293000"},{"field":"creditCards","new":"4219 3570 8038 1221,8578 1371 0492 5663,0621 3563 1680 0132"}]
77d114ae-e54e-4dca-ac94-1c3dad95e098	5a995138-6682-46dc-8339-17bdd7462864	CREATED	2014-03-18 23:34:07.989000	d9e40989-4892-49bf-a247-bf6f0c82378a	[{"field":"gender","new":"F"},{"field":"firstName","new":"Martje"},{"field":"lastName","new":"Van Neerbos"},{"field":"address","new":"Klieftstraat 7069, Hoorn, Utrecht 27514"},{"field":"phoneNumber","new":"(022)-098-8426"},{"field":"email","new":"martje.vanneerbos@example.com"},{"field":"birthDate","new":"1989-08-03 16:32:33.417000"},{"field":"creditCards","new":"7825 3773 3314 3603,5793 2993 8055 0020"}]
74589704-d8ac-4741-be3c-b23c359654b9	1c3b8829-e6f0-4bbc-9498-2ce3caeedc63	CREATED	2007-06-26 10:30:04.342000	d9e40989-4892-49bf-a247-bf6f0c82378a	[{"field":"gender","new":"F"},{"field":"firstName","new":"Daouane"},{"field":"lastName","new":"Nogueira"},{"field":"address","new":"Rua São João  2131, Marabá, Santa Catarina 89550"},{"field":"phoneNumber","new":"(66) 7690-9949"},{"field":"email","new":"daouane.nogueira@example.com"},{"field":"birthDate","new":"1961-03-26 19:52:18.860000"},{"field":"creditCards","new":"2375 9247 1161 0117,8774 6645 2792 4735"}]
4efe0fa7-d2a5-49cd-ac8d-6d05d8ff53b2	c6004a06-11dd-40f2-a269-0718b5b61fbe	CREATED	2011-12-25 09:58:38.116000	d9e40989-4892-49bf-a247-bf6f0c82378a	[{"field":"gender","new":"M"},{"field":"firstName","new":"Aatu"},{"field":"lastName","new":"Peltonen"},{"field":"address","new":"Itsenäisyydenkatu 3058, Köyliö, Finland Proper 45774"},{"field":"phoneNumber","new":"049-250-59-35"},{"field":"email","new":"aatu.peltonen@example.com"},{"field":"birthDate","new":"1963-02-10 13:57:44.164000"},{"field":"creditCards","new":"3879 7540 9792 0568,4635 5484 6671 2128,0835 1852 3005 3903"}]
c3e372ff-178a-4cb8-ad6f-695ed5dfcc06	ba58b133-615e-4b3f-931e-c5af089f0fd6	CREATED	2017-11-30 11:43:11.147000	d9e40989-4892-49bf-a247-bf6f0c82378a	[{"field":"gender","new":"F"},{"field":"firstName","new":"Josefina"},{"field":"lastName","new":"Aguilar"},{"field":"address","new":"Avenida de Salamanca 2620, Granada, Asturias 11818"},{"field":"phoneNumber","new":"671-057-180"},{"field":"email","new":"josefina.aguilar@example.com"},{"field":"birthDate","new":"1990-11-30 22:48:11.569000"},{"field":"creditCards","new":""}]
f0fb5afe-cef4-433d-8b10-49a701243d1c	4525e674-d289-4818-bbd2-9de1c6ccee47	CREATED	2014-02-23 16:56:43.128000	d9e40989-4892-49bf-a247-bf6f0c82378a	[{"field":"gender","new":"F"},{"field":"firstName","new":"Annette"},{"field":"lastName","new":"Stevens"},{"field":"address","new":"Bollinger Rd 891, Palmdale, Alaska 27605"},{"field":"phoneNumber","new":"(719)-563-0238"},{"field":"email","new":"annette.stevens@example.com"},{"field":"birthDate","new":"1947-06-14 16:58:42.892000"},{"field":"creditCards","new":"1693 0032 4616 0669,8776 1208 5841 4070,6253 5124 8868 7233"}]
e0787ed1-bd98-4620-b14d-8b3f71a7d96f	48423963-7d22-424a-ac98-147ed3e35087	CREATED	2016-03-20 17:40:30.279000	d9e40989-4892-49bf-a247-bf6f0c82378a	[{"field":"gender","new":"M"},{"field":"firstName","new":"علی رضا"},{"field":"lastName","new":"رضاییان"},{"field":"address","new":"فلاحی 8220, بجنورد, اردبیل 68661"},{"field":"phoneNumber","new":"0923-007-6350"},{"field":"email","new":"aalyrd.rdyyn@example.com"},{"field":"birthDate","new":"1967-01-02 02:47:27.092000"},{"field":"creditCards","new":"5493 2366 5334 7100,6249 9187 7317 8819"}]
8b04d607-7163-4288-bb62-612d952cd1d1	035d5b2a-6bf0-4687-833b-f71868e38daf	CREATED	2014-09-22 14:16:36.558000	d9e40989-4892-49bf-a247-bf6f0c82378a	[{"field":"gender","new":"F"},{"field":"firstName","new":"Riley"},{"field":"lastName","new":"Andrews"},{"field":"address","new":"Elgin St 8118, Mcallen, Mississippi 78534"},{"field":"phoneNumber","new":"(156)-295-0435"},{"field":"email","new":"riley.andrews@example.com"},{"field":"birthDate","new":"1971-08-27 17:00:22.204000"},{"field":"creditCards","new":"7890 1160 4661 8273,9523 8149 9674 2844,2093 4599 7878 3797"}]
25a1bd2e-cd2c-45db-bbd5-1f90af0aa7db	6dcdead2-7304-41a9-accc-d5c45b3f2fdb	CREATED	2009-09-07 07:04:05.685000	d9e40989-4892-49bf-a247-bf6f0c82378a	[{"field":"gender","new":"F"},{"field":"firstName","new":"Jennifer"},{"field":"lastName","new":"Reyes"},{"field":"address","new":"North Street 3962, Leixlip, Meath 36637"},{"field":"phoneNumber","new":"081-364-1192"},{"field":"email","new":"jennifer.reyes@example.com"},{"field":"birthDate","new":"1957-12-12 08:32:21.671000"},{"field":"creditCards","new":"9176 0068 8334 0381,5793 2687 1047 3770,6972 7576 3966 9050"}]
68f15003-3c1f-4f53-9cfd-02a7e0499cf4	f3a47ca0-1590-4027-a389-24190b492883	CREATED	2012-02-07 10:59:14.898000	d9e40989-4892-49bf-a247-bf6f0c82378a	[{"field":"gender","new":"M"},{"field":"firstName","new":"Angel"},{"field":"lastName","new":"Noel"},{"field":"address","new":"Place de L'Abbé-Basset 6483, Chêne-Bourg, Thurgau 2652"},{"field":"phoneNumber","new":"077 183 16 98"},{"field":"email","new":"angel.noel@example.com"},{"field":"birthDate","new":"1966-04-16 13:02:12.132000"},{"field":"creditCards","new":"8764 4316 0109 5873"}]
500d8190-9a7b-475a-9abb-e99bca77e3d9	d673c321-c3a0-4bb7-b059-42a06248284f	CREATED	2012-08-24 17:13:26.911000	d9e40989-4892-49bf-a247-bf6f0c82378a	[{"field":"gender","new":"M"},{"field":"firstName","new":"Mesut"},{"field":"lastName","new":"Köppel"},{"field":"address","new":"Kirchstraße 1777, Belgern-Schildau, Hessen 97972"},{"field":"phoneNumber","new":"0175-9820608"},{"field":"email","new":"mesut.koppel@example.com"},{"field":"birthDate","new":"1953-10-03 13:16:47.245000"},{"field":"creditCards","new":"0593 4817 9357 7714,2405 6631 0014 5102,3183 0150 0382 1770,4605 5613 4452 7553"}]
69907efc-d269-41f4-b300-5324ca317691	baf47709-cc15-47b0-990c-afbb2b1c8cd7	CREATED	2003-11-28 04:09:54.110000	d9e40989-4892-49bf-a247-bf6f0c82378a	[{"field":"gender","new":"M"},{"field":"firstName","new":"Ignacio"},{"field":"lastName","new":"Serrano"},{"field":"address","new":"Avenida de Salamanca 9839, Móstoles, La Rioja 63609"},{"field":"phoneNumber","new":"689-393-625"},{"field":"email","new":"ignacio.serrano@example.com"},{"field":"birthDate","new":"1961-09-06 22:24:30.407000"},{"field":"creditCards","new":"5355 6732 3020 8358,1609 4900 9915 8228,1000 0615 7233 1452,6777 3318 9321 8695"}]
8947799e-640b-4f02-814b-46e1b062dde9	aa19c3ca-c484-4945-bc91-e6a333b24837	CREATED	2014-02-13 06:31:39.589000	d9e40989-4892-49bf-a247-bf6f0c82378a	[{"field":"gender","new":"M"},{"field":"firstName","new":"Alberto"},{"field":"lastName","new":"Johnson"},{"field":"address","new":"Oak Lawn Ave 6273, Denton, Wisconsin 43535"},{"field":"phoneNumber","new":"(993)-436-7325"},{"field":"email","new":"alberto.johnson@example.com"},{"field":"birthDate","new":"1946-07-05 04:31:08.329000"},{"field":"creditCards","new":"2304 1835 4607 4641,6550 3837 8173 6936,8106 5848 0752 3733"}]
f9020c25-753b-499e-af87-fe632965ab3d	b03850e4-330b-4d60-a084-76e1cdd598b3	CREATED	2018-11-09 14:37:37.921000	d9e40989-4892-49bf-a247-bf6f0c82378a	[{"field":"gender","new":"M"},{"field":"firstName","new":"Alfred"},{"field":"lastName","new":"Sørensen"},{"field":"address","new":"Vesterled 333, Hammel, Danmark 67998"},{"field":"phoneNumber","new":"04920193"},{"field":"email","new":"alfred.sorensen@example.com"},{"field":"birthDate","new":"1989-06-18 08:31:46.531000"},{"field":"creditCards","new":""}]
00137c7c-7533-4720-85a0-7514e2d12d52	b58ca053-80ab-425b-9c17-9b9b9ab49793	CREATED	2018-09-24 18:59:04.692000	d9e40989-4892-49bf-a247-bf6f0c82378a	[{"field":"gender","new":"F"},{"field":"firstName","new":"Ülkü"},{"field":"lastName","new":"Saygıner"},{"field":"address","new":"Abanoz Sk 96, Denizli, Malatya 34093"},{"field":"phoneNumber","new":"(416)-362-9137"},{"field":"email","new":"ulku.sayginer@example.com"},{"field":"birthDate","new":"1995-06-04 09:42:15.950000"},{"field":"creditCards","new":"9024 0606 0794 0928,0236 3049 7486 8832,2577 9973 2668 1537,6180 6096 4970 8143"}]
092987d8-9774-4ec5-8dfc-b07cf4e005c8	38037c6c-7950-4db0-a810-3f7d5ba61be3	CREATED	2012-06-25 02:45:44.043000	d9e40989-4892-49bf-a247-bf6f0c82378a	[{"field":"gender","new":"M"},{"field":"firstName","new":"Davide"},{"field":"lastName","new":"Melo"},{"field":"address","new":"Rua Duque de Caxias  6722, Vitória, Mato Grosso 16840"},{"field":"phoneNumber","new":"(58) 0644-1940"},{"field":"email","new":"davide.melo@example.com"},{"field":"birthDate","new":"1961-03-24 17:38:37.674000"},{"field":"creditCards","new":"8580 1476 3359 8451"}]
dfbe9740-48a7-4243-8822-6e02bffeab52	97b27fbf-79f2-4bf3-8e55-0bde79ba7fc0	CREATED	2015-02-04 16:26:56.853000	d9e40989-4892-49bf-a247-bf6f0c82378a	[{"field":"gender","new":"M"},{"field":"firstName","new":"Alfonso"},{"field":"lastName","new":"Montero"},{"field":"address","new":"Calle de Ferraz 6924, Albacete, Aragón 64832"},{"field":"phoneNumber","new":"684-930-512"},{"field":"email","new":"alfonso.montero@example.com"},{"field":"birthDate","new":"1961-05-08 23:58:24.326000"},{"field":"creditCards","new":"7593 5771 6664 0155,7937 9373 6363 0534,6528 6020 6929 7281,1911 0421 3679 3515"}]
1a714be7-6503-4882-a7f2-7b613e6d61fe	ad63b6b3-0e33-4d1d-bf99-9760adc3a69e	CREATED	2015-09-26 07:34:52.365000	d9e40989-4892-49bf-a247-bf6f0c82378a	[{"field":"gender","new":"M"},{"field":"firstName","new":"Babür"},{"field":"lastName","new":"Akyürek"},{"field":"address","new":"Anafartalar Cd 6223, Denizli, Kocaeli 53522"},{"field":"phoneNumber","new":"(686)-698-1063"},{"field":"email","new":"babur.akyurek@example.com"},{"field":"birthDate","new":"1950-04-04 22:54:53.977000"},{"field":"creditCards","new":"7006 3149 8049 9599"}]
bfa1e1eb-fa07-43f1-82e5-0e06f9ba5001	d864792b-983e-47a2-8d42-85d30726db1c	CREATED	2005-01-01 05:04:05.702000	d9e40989-4892-49bf-a247-bf6f0c82378a	[{"field":"gender","new":"F"},{"field":"firstName","new":"Anni"},{"field":"lastName","new":"Ahonen"},{"field":"address","new":"Visiokatu 9598, Oulunsalo, Åland 54416"},{"field":"phoneNumber","new":"045-024-76-23"},{"field":"email","new":"anni.ahonen@example.com"},{"field":"birthDate","new":"1958-08-29 07:07:47.760000"},{"field":"creditCards","new":"7802 3722 6023 5896,3649 2582 0972 5455,5030 1346 4410 4370"}]
a2accaea-4a80-44f4-b7aa-f1648eb48da7	68052a05-858c-4f72-b1d2-32957b77b443	CREATED	2010-09-10 03:05:38.917000	d9e40989-4892-49bf-a247-bf6f0c82378a	[{"field":"gender","new":"M"},{"field":"firstName","new":"Gerardo"},{"field":"lastName","new":"Morales"},{"field":"address","new":"Calle de Ferraz 6871, Castellón de la Plana, Navarra 81301"},{"field":"phoneNumber","new":"623-862-412"},{"field":"email","new":"gerardo.morales@example.com"},{"field":"birthDate","new":"1971-06-09 07:10:56.406000"},{"field":"creditCards","new":"5807 4133 4886 3267,6489 3853 5225 3473"}]
d602c33c-788b-4206-a6f0-2269fe244929	48a28cfe-906f-4655-9021-ea2304372ff4	CREATED	2002-08-11 15:23:17.672000	d9e40989-4892-49bf-a247-bf6f0c82378a	[{"field":"gender","new":"F"},{"field":"firstName","new":"Summer"},{"field":"lastName","new":"Walker"},{"field":"address","new":"Durham Street 7161, Greymouth, Auckland 91636"},{"field":"phoneNumber","new":"(351)-782-6986"},{"field":"email","new":"summer.walker@example.com"},{"field":"birthDate","new":"1991-08-07 22:28:46.254000"},{"field":"creditCards","new":""}]
a77c441c-de81-460b-bd53-a7c0b115175b	03cb4d06-7d89-4971-ae13-16e1c03da39b	CREATED	2018-06-23 09:11:53.599000	d9e40989-4892-49bf-a247-bf6f0c82378a	[{"field":"gender","new":"M"},{"field":"firstName","new":"John"},{"field":"lastName","new":"Evans"},{"field":"address","new":"Tuam Street 9986, Christchurch, Tasman 50739"},{"field":"phoneNumber","new":"(648)-861-4334"},{"field":"email","new":"john.evans@example.com"},{"field":"birthDate","new":"1960-12-07 15:40:45.217000"},{"field":"creditCards","new":"1771 4097 5487 4217,1321 4303 7708 8864,5513 3236 2896 2938,1765 8698 4754 5033"}]
ab7bd90d-c641-4538-b5fd-4089c359081f	18589d6c-b2e6-4802-80a1-e078e4119dfe	CREATED	2006-04-07 05:58:15.183000	d9e40989-4892-49bf-a247-bf6f0c82378a	[{"field":"gender","new":"-"},{"field":"firstName","new":"Jaran"},{"field":"lastName","new":"Brunborg"},{"field":"address","new":"Lillevannsveien 9485, Tanem, Nordland 5281"},{"field":"phoneNumber","new":"92811371"},{"field":"email","new":"jaran.brunborg@example.com"},{"field":"birthDate","new":"1982-04-23 18:01:57.397000"},{"field":"creditCards","new":"3458 6993 3215 1628,7622 4777 1796 2045"}]
77aced00-455a-4611-acb9-bd4c24241e28	53e20250-ff1a-4426-b965-0f807874a4b0	CREATED	2017-08-23 15:35:55.837000	d9e40989-4892-49bf-a247-bf6f0c82378a	[{"field":"gender","new":"F"},{"field":"firstName","new":"Deborah"},{"field":"lastName","new":"Marshall"},{"field":"address","new":"New Street 6837, Newry, Gloucestershire H73 5EW"},{"field":"phoneNumber","new":"0747-199-203"},{"field":"email","new":"deborah.marshall@example.com"},{"field":"birthDate","new":"1950-05-10 07:25:31.501000"},{"field":"creditCards","new":"9111 7280 6097 3170,1424 4634 5732 7611,4871 6884 0693 1844,0461 3321 4398 3202"}]
5e13c48a-fac2-4e96-bfc0-9dbbdc758047	a6757ed9-b54d-483b-ab5e-66cadc116fcc	CREATED	2010-07-13 00:18:40.792000	d9e40989-4892-49bf-a247-bf6f0c82378a	[{"field":"gender","new":"F"},{"field":"firstName","new":"Stilla"},{"field":"lastName","new":"Weidinger"},{"field":"address","new":"Mozartstraße 8188, Staßfurt, Saarland 45013"},{"field":"phoneNumber","new":"0173-4806548"},{"field":"email","new":"stilla.weidinger@example.com"},{"field":"birthDate","new":"1983-12-31 21:42:37.389000"},{"field":"creditCards","new":"9988 9237 7360 9046,8611 8372 9694 0954,4831 9802 0073 1902,7937 3814 6749 1116"}]
82fa694f-b9f8-4fa3-a394-a00622d8ee1b	9cd5030d-c684-4296-9edf-9e62d0794b56	CREATED	2009-10-21 23:41:39.652000	d9e40989-4892-49bf-a247-bf6f0c82378a	[{"field":"gender","new":"M"},{"field":"firstName","new":"Jannis"},{"field":"lastName","new":"Kindler"},{"field":"address","new":"Feldstraße 8196, Oerlinghausen, Berlin 69737"},{"field":"phoneNumber","new":"0179-2444140"},{"field":"email","new":"jannis.kindler@example.com"},{"field":"birthDate","new":"1997-10-13 18:35:29.148000"},{"field":"creditCards","new":""}]
aea93c28-f393-4760-b76b-de47a94db740	bf3038bd-7989-4e9d-8f50-89c9dca34d59	CREATED	2016-06-30 23:46:38.446000	d9e40989-4892-49bf-a247-bf6f0c82378a	[{"field":"gender","new":"F"},{"field":"firstName","new":"Emma"},{"field":"lastName","new":"Abraham"},{"field":"address","new":"Alfred St 6777, Burlington, Alberta Q0N 9N2"},{"field":"phoneNumber","new":"724-085-5510"},{"field":"email","new":"emma.abraham@example.com"},{"field":"birthDate","new":"1966-01-11 19:06:30.555000"},{"field":"creditCards","new":"2819 9759 6042 7261,6805 0781 1432 1529"}]
254632ec-93fd-4b5b-a2d9-8f27729fa8be	f120c318-01ae-4244-baae-269502716de3	CREATED	2015-07-06 23:42:00.962000	d9e40989-4892-49bf-a247-bf6f0c82378a	[{"field":"gender","new":"M"},{"field":"firstName","new":"Arnaud"},{"field":"lastName","new":"Wilson"},{"field":"address","new":"Park Rd 4862, Maitland, Saskatchewan Y8G 8B9"},{"field":"phoneNumber","new":"652-064-3956"},{"field":"email","new":"arnaud.wilson@example.com"},{"field":"birthDate","new":"1966-01-17 04:40:45.466000"},{"field":"creditCards","new":"8589 6610 4149 9942,7961 3561 3851 9889,6046 5620 9928 7636"}]
6ae0cf35-9bd5-48f9-816f-1804093fa2f2	ee5babb7-dddb-4fd2-b543-ecf1e7d6e496	CREATED	2006-09-04 02:37:38.687000	d9e40989-4892-49bf-a247-bf6f0c82378a	[{"field":"gender","new":"M"},{"field":"firstName","new":"Pius"},{"field":"lastName","new":"Petit"},{"field":"address","new":"Rue du Village 7724, Vex, Nidwalden 9136"},{"field":"phoneNumber","new":"079 078 54 67"},{"field":"email","new":"pius.petit@example.com"},{"field":"birthDate","new":"1989-12-05 19:42:54.121000"},{"field":"creditCards","new":"7075 5211 3410 7799"}]
44bee694-70eb-442c-b9bd-2805be8436b0	37459312-5a42-40c0-b644-8d1618f302ab	CREATED	2006-01-28 16:46:19.921000	d9e40989-4892-49bf-a247-bf6f0c82378a	[{"field":"gender","new":"M"},{"field":"firstName","new":"Alfonso"},{"field":"lastName","new":"Torres"},{"field":"address","new":"Avenida de Burgos 6299, Alicante, Región de Murcia 61204"},{"field":"phoneNumber","new":"622-090-688"},{"field":"email","new":"alfonso.torres@example.com"},{"field":"birthDate","new":"1997-04-24 04:38:37.330000"},{"field":"creditCards","new":"7847 5970 8335 6137,1263 4061 0285 7333,0859 7245 8729 8594,5976 4463 2476 5126"}]
f26fa2b3-7a6a-4757-962b-450f3f3b0b6b	4f08d5f6-5a90-4799-aea3-2f7b460a3c8a	CREATED	2009-06-18 19:08:19.266000	d9e40989-4892-49bf-a247-bf6f0c82378a	[{"field":"gender","new":"F"},{"field":"firstName","new":"Anthe"},{"field":"lastName","new":"Venema"},{"field":"address","new":"Charles Darwinstraat 2060, Tytsjerk, Groningen 88846"},{"field":"phoneNumber","new":"(211)-715-2149"},{"field":"email","new":"anthe.venema@example.com"},{"field":"birthDate","new":"1991-05-19 22:53:38.876000"},{"field":"creditCards","new":"3144 4545 6468 5053,3667 0949 1639 4959"}]
b9d3ef1a-7ccc-4151-9f84-cb3d262e1fcb	3b4a3d62-2918-496f-9f9b-35e39746e9cf	CREATED	2011-09-08 20:01:15.045000	d9e40989-4892-49bf-a247-bf6f0c82378a	[{"field":"gender","new":"-"},{"field":"firstName","new":"Mia"},{"field":"lastName","new":"Turner"},{"field":"address","new":"Ronwood Avenue 8632, Rotorua, Otago 48133"},{"field":"phoneNumber","new":"(378)-885-1161"},{"field":"email","new":"mia.turner@example.com"},{"field":"birthDate","new":"1980-03-27 14:19:25.615000"},{"field":"creditCards","new":""}]
26a768c0-adec-483b-9349-bb2ffd13a50b	d6df5df2-607a-483c-974c-650f916da065	CREATED	2008-10-27 00:16:22.777000	d9e40989-4892-49bf-a247-bf6f0c82378a	[{"field":"gender","new":"M"},{"field":"firstName","new":"Georgios"},{"field":"lastName","new":"Gerstner"},{"field":"address","new":"Kirchgasse 8127, Rastatt, Schleswig-Holstein 61952"},{"field":"phoneNumber","new":"0176-0864853"},{"field":"email","new":"georgios.gerstner@example.com"},{"field":"birthDate","new":"1973-12-09 19:23:02.721000"},{"field":"creditCards","new":"6134 5207 9349 7488,0861 3961 8633 1707,6116 5485 2187 5235"}]
871c9068-bbb2-4b17-8927-d9790e403476	cd3138e9-ac00-4a23-8e41-fcab15d07cce	CREATED	2009-01-21 23:52:22.631000	d9e40989-4892-49bf-a247-bf6f0c82378a	[{"field":"gender","new":"F"},{"field":"firstName","new":"Megan"},{"field":"lastName","new":"Brar"},{"field":"address","new":"Cedar St 3627, Jasper, Ontario C9X 0F4"},{"field":"phoneNumber","new":"321-105-8586"},{"field":"email","new":"megan.brar@example.com"},{"field":"birthDate","new":"1952-06-04 21:08:43.276000"},{"field":"creditCards","new":"9804 7621 1894 7661,7127 9589 6907 6170,9008 2890 3659 9405"}]
fb87beae-dc3c-48f1-b3f1-92ed4f463fc6	a013c1db-a269-4f0c-a281-d13c6edd39d3	CREATED	2014-08-09 12:28:42.720000	d9e40989-4892-49bf-a247-bf6f0c82378a	[{"field":"gender","new":"M"},{"field":"firstName","new":"Victor"},{"field":"lastName","new":"Fløysvik"},{"field":"address","new":"Prinsessealléen 7619, Bjervamoen, Buskerud 5834"},{"field":"phoneNumber","new":"98790521"},{"field":"email","new":"victor.floysvik@example.com"},{"field":"birthDate","new":"1989-01-21 10:24:19.743000"},{"field":"creditCards","new":"7778 8488 5631 9623,4401 9217 1806 4501,1586 5375 7497 0591,9850 8513 6416 7396"}]
fb70ac63-21f4-4f39-b266-9cd3f0a74f5a	60aff58a-86f9-4fa6-b40d-a38f953dea9e	CREATED	2004-08-17 19:11:10.706000	d9e40989-4892-49bf-a247-bf6f0c82378a	[{"field":"gender","new":"M"},{"field":"firstName","new":"Guido"},{"field":"lastName","new":"Gerard"},{"field":"address","new":"Rue Abel-Ferry 2807, Knonau, Fribourg 1381"},{"field":"phoneNumber","new":"078 154 95 61"},{"field":"email","new":"guido.gerard@example.com"},{"field":"birthDate","new":"1969-11-09 02:03:35.269000"},{"field":"creditCards","new":"0850 8292 5441 7876,1710 4373 2234 8184,7564 5381 6330 4811,7905 8265 0944 0649"}]
e75bfb3e-f422-428a-ab8a-9a3c6d8a440f	175c2bd1-53df-4a66-9e82-13c89d64379e	CREATED	2016-11-25 12:11:07.263000	d9e40989-4892-49bf-a247-bf6f0c82378a	[{"field":"gender","new":"M"},{"field":"firstName","new":"Delmar"},{"field":"lastName","new":"Jesus"},{"field":"address","new":"Rua Carlos Gomes 5304, Recife, Espírito Santo 25939"},{"field":"phoneNumber","new":"(14) 8175-5982"},{"field":"email","new":"delmar.jesus@example.com"},{"field":"birthDate","new":"1962-05-27 16:39:07.880000"},{"field":"creditCards","new":"8549 3061 6829 3545,3976 2098 1534 1012,7434 5787 0488 6792"}]
6778815e-78f0-4378-9a8f-1497036413f0	5fd85354-22c9-439c-b300-94f5b3f7a1a6	CREATED	2002-12-22 16:12:39.748000	d9e40989-4892-49bf-a247-bf6f0c82378a	[{"field":"gender","new":"M"},{"field":"firstName","new":"Angelo"},{"field":"lastName","new":"Sanchez"},{"field":"address","new":"Place de L'Abbé-Basset 5041, Corsier (Ge), Jura 8099"},{"field":"phoneNumber","new":"078 635 73 16"},{"field":"email","new":"angelo.sanchez@example.com"},{"field":"birthDate","new":"1967-05-14 23:20:38.993000"},{"field":"creditCards","new":"3301 8582 8859 2484,5510 8166 1133 0020"}]
51e5cc47-b328-424d-b1b4-86c9fac91dc3	271e4379-04ea-4ad6-8250-7c6610419406	CREATED	2009-04-29 02:38:20.962000	d9e40989-4892-49bf-a247-bf6f0c82378a	[{"field":"gender","new":"M"},{"field":"firstName","new":"Timothee"},{"field":"lastName","new":"Da Silva"},{"field":"address","new":"Rue Saint-Georges 1385, Nîmes, Haute-Loire 51177"},{"field":"phoneNumber","new":"06-18-16-91-28"},{"field":"email","new":"timothee.dasilva@example.com"},{"field":"birthDate","new":"1964-05-24 01:18:54.824000"},{"field":"creditCards","new":"7814 0835 2372 0198,6862 8874 0888 5025"}]
1c88012f-8441-4d00-83cb-da6525e7df33	5edfb9cd-5ae0-4e21-82d1-60b75b01c530	CREATED	2017-03-22 04:21:25.304000	d9e40989-4892-49bf-a247-bf6f0c82378a	[{"field":"gender","new":"M"},{"field":"firstName","new":"محمدعلی"},{"field":"lastName","new":"احمدی"},{"field":"address","new":"فاطمی 745, شیراز, آذربایجان غربی 61372"},{"field":"phoneNumber","new":"0925-624-2557"},{"field":"email","new":"mhmdaaly.hmdy@example.com"},{"field":"birthDate","new":"1959-05-04 02:12:14.494000"},{"field":"creditCards","new":"9160 3345 5485 6208,6634 3149 8702 1059"}]
52ba208f-58e7-4b00-a812-4d591d627ee2	1af898c1-60df-491b-adb7-503cd112a855	CREATED	2003-03-14 23:10:35.376000	d9e40989-4892-49bf-a247-bf6f0c82378a	[{"field":"gender","new":"F"},{"field":"firstName","new":"Marcelle"},{"field":"lastName","new":"Robert"},{"field":"address","new":"Rue Dumenge 8100, Blauen, Graubünden 6464"},{"field":"phoneNumber","new":"078 204 63 88"},{"field":"email","new":"marcelle.robert@example.com"},{"field":"birthDate","new":"1978-12-20 05:08:38.638000"},{"field":"creditCards","new":"4244 6971 0088 6133,1487 5666 8111 7793,6193 1502 1685 8763,8340 2183 2398 5060"}]
c7012b95-dbc0-438c-bc22-c56898ad690f	a140b403-c548-4628-8ef3-8208f39fd65f	CREATED	2009-08-10 23:16:42.255000	d9e40989-4892-49bf-a247-bf6f0c82378a	[{"field":"gender","new":"M"},{"field":"firstName","new":"Xerxes"},{"field":"lastName","new":"Almeida"},{"field":"address","new":"Avenida Brasil  6639, Recife, Maranhão 57479"},{"field":"phoneNumber","new":"(93) 6121-7160"},{"field":"email","new":"xerxes.almeida@example.com"},{"field":"birthDate","new":"1946-08-02 17:44:53.804000"},{"field":"creditCards","new":"7108 4399 2638 8591,7476 8014 2830 6824,5059 6907 4060 3062"}]
ef7470e5-ecb2-4be4-a653-4156416e2489	4ced93c8-438b-47fe-857c-c0c66b6e2976	CREATED	2003-10-31 12:39:00.220000	d9e40989-4892-49bf-a247-bf6f0c82378a	[{"field":"gender","new":"M"},{"field":"firstName","new":"Daniel"},{"field":"lastName","new":"Ahola"},{"field":"address","new":"Verkatehtaankatu 7462, Taivalkoski, Åland 11589"},{"field":"phoneNumber","new":"049-161-88-07"},{"field":"email","new":"daniel.ahola@example.com"},{"field":"birthDate","new":"1980-10-23 01:38:25.640000"},{"field":"creditCards","new":"7158 9422 7389 1035,0705 6258 8357 8861"}]
c1fa24a1-b91b-41fd-822c-e64b146acd39	f2e27ecf-35a6-46f0-aed5-56098fa1c806	CREATED	2002-06-25 07:39:12.318000	d9e40989-4892-49bf-a247-bf6f0c82378a	[{"field":"gender","new":"M"},{"field":"firstName","new":"Russell"},{"field":"lastName","new":"Black"},{"field":"address","new":"Queensway 1434, St Albans, Dumfries and Galloway H1 0XG"},{"field":"phoneNumber","new":"0708-642-552"},{"field":"email","new":"russell.black@example.com"},{"field":"birthDate","new":"1953-01-02 15:28:03.350000"},{"field":"creditCards","new":""}]
92357a72-eb85-425e-9627-02ef42c15f04	0355a2ee-fb3c-4b0e-8ec3-2711f7320e37	CREATED	2002-09-13 05:54:24.281000	d9e40989-4892-49bf-a247-bf6f0c82378a	[{"field":"gender","new":"F"},{"field":"firstName","new":"Kimberly"},{"field":"lastName","new":"Walker"},{"field":"address","new":"North Road 9443, Kildare, Wexford 64327"},{"field":"phoneNumber","new":"081-264-9343"},{"field":"email","new":"kimberly.walker@example.com"},{"field":"birthDate","new":"1995-06-20 08:22:25.426000"},{"field":"creditCards","new":"3975 2784 4759 0145,7215 5600 9074 9180,1738 2293 3784 2280"}]
0544ce35-4bd7-44fd-917d-1a6386fe4f21	f9eefbfd-11d3-4e6c-92f4-4c9f750e3a85	CREATED	2012-03-08 09:35:56.513000	d9e40989-4892-49bf-a247-bf6f0c82378a	[{"field":"gender","new":"M"},{"field":"firstName","new":"Nino"},{"field":"lastName","new":"Jean"},{"field":"address","new":"Rue du Bât-D'Argent 8135, Metz, Eure-et-Loir 30791"},{"field":"phoneNumber","new":"06-62-29-40-53"},{"field":"email","new":"nino.jean@example.com"},{"field":"birthDate","new":"1995-08-19 04:34:53.096000"},{"field":"creditCards","new":"4239 4303 1951 1860,6657 1490 2005 5434,4482 0376 5961 2362"}]
9fa1ac48-a4d0-463c-843f-5f4788b5aee1	096b0cb4-d2f7-46a3-8d8b-2152d454d4b6	CREATED	2010-11-01 04:23:02.513000	d9e40989-4892-49bf-a247-bf6f0c82378a	[{"field":"gender","new":"M"},{"field":"firstName","new":"Brayden"},{"field":"lastName","new":"Gilbert"},{"field":"address","new":"Highfield Road 4238, Southampton, Strathclyde WY2 3ZY"},{"field":"phoneNumber","new":"0784-958-938"},{"field":"email","new":"brayden.gilbert@example.com"},{"field":"birthDate","new":"1945-01-24 10:24:02.991000"},{"field":"creditCards","new":""}]
de70c8a2-2a21-4d4c-8479-7dfe7eb09896	039d12d0-8418-464f-9034-f753cd02354a	CREATED	2011-12-09 01:03:41.704000	d9e40989-4892-49bf-a247-bf6f0c82378a	[{"field":"gender","new":"-"},{"field":"firstName","new":"Jost"},{"field":"lastName","new":"Gronau"},{"field":"address","new":"Im Winkel 4889, Meersburg, Sachsen 54832"},{"field":"phoneNumber","new":"0176-9085151"},{"field":"email","new":"jost.gronau@example.com"},{"field":"birthDate","new":"1950-10-08 07:35:05.611000"},{"field":"creditCards","new":"6034 5622 5671 1046,6263 3959 6960 8774,4207 0743 5377 3956,2114 8733 8937 1251"}]
194cd62e-bc52-4a64-a97e-3d2973f39844	3df60aee-8399-45de-9034-47bc6967e69f	CREATED	2010-01-03 03:23:29.461000	d9e40989-4892-49bf-a247-bf6f0c82378a	[{"field":"gender","new":"F"},{"field":"firstName","new":"Maélie"},{"field":"lastName","new":"Masson"},{"field":"address","new":"Rue Dumenge 3446, Brest, Calvados 15355"},{"field":"phoneNumber","new":"06-52-32-37-15"},{"field":"email","new":"maelie.masson@example.com"},{"field":"birthDate","new":"1962-03-04 07:18:42.334000"},{"field":"creditCards","new":""}]
f6978221-d0a5-40ca-a183-6bf27b6376f3	770b03ec-e379-4ae2-a190-6c40321680d3	CREATED	2017-09-15 19:24:47.090000	d9e40989-4892-49bf-a247-bf6f0c82378a	[{"field":"gender","new":"F"},{"field":"firstName","new":"Emma"},{"field":"lastName","new":"Wong"},{"field":"address","new":"Lakeview Ave 8172, Hudson, Nova Scotia N7I 8Y2"},{"field":"phoneNumber","new":"096-476-2241"},{"field":"email","new":"emma.wong@example.com"},{"field":"birthDate","new":"1972-10-19 11:12:09.240000"},{"field":"creditCards","new":"1537 5385 9026 1844,0523 9371 3454 8745,0921 4867 9190 0682"}]
2a83cc20-ba21-4f45-a15b-453ca574da45	cbf433d5-67ef-4643-824b-dadb3be5d361	CREATED	2010-05-18 23:20:02.900000	d9e40989-4892-49bf-a247-bf6f0c82378a	[{"field":"gender","new":"-"},{"field":"firstName","new":"Ethan"},{"field":"lastName","new":"Thompson"},{"field":"address","new":"Te Mata Road 2960, Upper Hutt, Waikato 69356"},{"field":"phoneNumber","new":"(409)-988-8844"},{"field":"email","new":"ethan.thompson@example.com"},{"field":"birthDate","new":"1970-07-28 06:29:28.964000"},{"field":"creditCards","new":"6935 9735 4614 3802,1058 6017 3808 8455"}]
e655ea8c-ac92-4d8b-a4ae-344e1630eef4	a834a96d-dad0-4660-8d28-ff1441edd63a	CREATED	2007-01-15 01:34:48.095000	d9e40989-4892-49bf-a247-bf6f0c82378a	[{"field":"gender","new":"F"},{"field":"firstName","new":"Celia"},{"field":"lastName","new":"Crespo"},{"field":"address","new":"Avenida de Andalucía 9051, Mérida, Aragón 14361"},{"field":"phoneNumber","new":"665-535-643"},{"field":"email","new":"celia.crespo@example.com"},{"field":"birthDate","new":"1958-12-26 22:11:09.242000"},{"field":"creditCards","new":"4530 0493 5714 2286,9303 6353 0730 7488"}]
b8746c4a-2b73-4c16-a267-63f6b0c146e6	f2cd1b1b-3af7-43c8-9ef9-0024105bb644	CREATED	2015-02-27 04:39:10.997000	d9e40989-4892-49bf-a247-bf6f0c82378a	[{"field":"gender","new":"M"},{"field":"firstName","new":"Väinö"},{"field":"lastName","new":"Wiitala"},{"field":"address","new":"Pirkankatu 1125, Kerimäki, Tavastia Proper 96541"},{"field":"phoneNumber","new":"040-338-80-82"},{"field":"email","new":"vaino.wiitala@example.com"},{"field":"birthDate","new":"1970-05-31 11:35:20.680000"},{"field":"creditCards","new":"2903 4549 2028 7653,0592 0545 5032 4996"}]
b92ed335-47ec-40e2-b931-21cd1cf8da91	29da916d-faab-4ae1-af6f-740ba4461669	CREATED	2004-05-06 07:15:01.998000	d9e40989-4892-49bf-a247-bf6f0c82378a	[{"field":"gender","new":"M"},{"field":"firstName","new":"Samuel"},{"field":"lastName","new":"Riley"},{"field":"address","new":"Highfield Road 7952, Stirling, Cheshire SZ79 1QF"},{"field":"phoneNumber","new":"0758-526-295"},{"field":"email","new":"samuel.riley@example.com"},{"field":"birthDate","new":"1991-05-23 15:30:49.056000"},{"field":"creditCards","new":""}]
bb015360-77ef-46d0-8cda-5a079c9b0c02	8a8f4dc5-5850-4850-a35f-3808e680166f	CREATED	2012-10-28 08:30:01.300000	d9e40989-4892-49bf-a247-bf6f0c82378a	[{"field":"gender","new":"F"},{"field":"firstName","new":"Angela"},{"field":"lastName","new":"Bennett"},{"field":"address","new":"Church Lane 6482, Cardiff, Leicestershire FS35 7YH"},{"field":"phoneNumber","new":"0778-186-972"},{"field":"email","new":"angela.bennett@example.com"},{"field":"birthDate","new":"1985-03-08 17:52:28.129000"},{"field":"creditCards","new":"2886 7720 0836 7226,4062 3933 0550 6713"}]
289eba74-2931-4fbe-88e5-35160df0e9a3	8842520a-9307-47be-aa4f-deebe2a3a57b	CREATED	2012-06-24 23:25:37.005000	d9e40989-4892-49bf-a247-bf6f0c82378a	[{"field":"gender","new":"M"},{"field":"firstName","new":"Dylan"},{"field":"lastName","new":"Turner"},{"field":"address","new":"School Lane 3230, Naas, Limerick 17314"},{"field":"phoneNumber","new":"081-125-8255"},{"field":"email","new":"dylan.turner@example.com"},{"field":"birthDate","new":"1946-05-11 12:11:37.836000"},{"field":"creditCards","new":"3513 2209 8467 5108"}]
8eadebcb-7872-4853-abd8-488377b0a8ea	9b2c0595-db04-48df-80d2-b10a033f8905	CREATED	2011-01-05 22:18:39.309000	d9e40989-4892-49bf-a247-bf6f0c82378a	[{"field":"gender","new":"F"},{"field":"firstName","new":"Grace"},{"field":"lastName","new":"Wood"},{"field":"address","new":"Colombo Street 8648, Whanganui, Canterbury 64153"},{"field":"phoneNumber","new":"(156)-875-0963"},{"field":"email","new":"grace.wood@example.com"},{"field":"birthDate","new":"1957-10-17 18:04:07.220000"},{"field":"creditCards","new":""}]
a15e981e-b590-4356-8358-99af376d40e7	e5810a44-d1ce-495a-b9b1-e8a6035d62c1	CREATED	2002-05-29 00:05:06.826000	d9e40989-4892-49bf-a247-bf6f0c82378a	[{"field":"gender","new":"M"},{"field":"firstName","new":"Niilo"},{"field":"lastName","new":"Lampi"},{"field":"address","new":"Verkatehtaankatu 6650, Porvoo, Southern Savonia 70314"},{"field":"phoneNumber","new":"043-361-73-04"},{"field":"email","new":"niilo.lampi@example.com"},{"field":"birthDate","new":"1991-08-28 01:03:38.491000"},{"field":"creditCards","new":"8718 4700 1410 5931"}]
6edee8de-1f4c-4da6-a986-2db0a2401624	cbda6a37-d931-4ad5-a080-7bf1286cb09e	CREATED	2018-04-21 12:22:07.578000	d9e40989-4892-49bf-a247-bf6f0c82378a	[{"field":"gender","new":"M"},{"field":"firstName","new":"Nick"},{"field":"lastName","new":"Schimpf"},{"field":"address","new":"Hauptstraße 7527, Bad Mergentheim, Bayern 25953"},{"field":"phoneNumber","new":"0171-3905384"},{"field":"email","new":"nick.schimpf@example.com"},{"field":"birthDate","new":"1974-08-23 20:24:08.706000"},{"field":"creditCards","new":"0818 5738 9999 6264,2568 1041 6874 2444"}]
c149776d-7663-4cd1-856a-21f63d671d1f	eba0a350-1ba5-490f-8c0d-ec487ce9490c	CREATED	2016-02-11 08:02:35.955000	d9e40989-4892-49bf-a247-bf6f0c82378a	[{"field":"gender","new":"F"},{"field":"firstName","new":"Isobel"},{"field":"lastName","new":"Pierce"},{"field":"address","new":"Cherry St 1634, Sunshine Coast, Queensland 6445"},{"field":"phoneNumber","new":"0411-034-535"},{"field":"email","new":"isobel.pierce@example.com"},{"field":"birthDate","new":"1971-01-08 01:32:14.201000"},{"field":"creditCards","new":"6213 5409 3094 5799"}]
2ea6088a-2821-40a4-985e-7a2b568b05e6	8a887b86-793b-43be-8019-a3f8075936c6	CREATED	2007-04-12 07:40:19.942000	d9e40989-4892-49bf-a247-bf6f0c82378a	[{"field":"gender","new":"M"},{"field":"firstName","new":"Juan"},{"field":"lastName","new":"Lozano"},{"field":"address","new":"Calle de Ferraz 266, Pontevedra, Asturias 38742"},{"field":"phoneNumber","new":"653-522-875"},{"field":"email","new":"juan.lozano@example.com"},{"field":"birthDate","new":"1988-10-06 05:16:50.016000"},{"field":"creditCards","new":"3060 2714 6419 6097,2318 8059 5247 1736,9058 5368 4368 3460"}]
7ffb2d9f-8f0d-4ae9-9def-6680dd65b271	d1f9a7c9-f688-4a44-85ed-d124f4f36a6e	CREATED	2011-01-01 09:38:30.969000	d9e40989-4892-49bf-a247-bf6f0c82378a	[{"field":"gender","new":"M"},{"field":"firstName","new":"آرتين"},{"field":"lastName","new":"زارعی"},{"field":"address","new":"شیخ فضل الله نوری 8646, تهران, یزد 96378"},{"field":"phoneNumber","new":"0963-033-1958"},{"field":"email","new":"artyn.zraay@example.com"},{"field":"birthDate","new":"1974-08-06 16:48:40.306000"},{"field":"creditCards","new":"5728 4973 7530 1010"}]
03ff3052-37eb-4af6-a7fa-fbfe8bc28970	c5584a62-3f37-4cd9-aa23-71cea32b6cdd	CREATED	2018-04-08 11:17:20.112000	d9e40989-4892-49bf-a247-bf6f0c82378a	[{"field":"gender","new":"M"},{"field":"firstName","new":"Steven"},{"field":"lastName","new":"Heggøy"},{"field":"address","new":"Langretta 6624, Askøy, Hordaland 1754"},{"field":"phoneNumber","new":"91969753"},{"field":"email","new":"steven.heggoy@example.com"},{"field":"birthDate","new":"1988-07-15 07:04:29.190000"},{"field":"creditCards","new":"4992 7333 7062 7580"}]
82c77539-62d6-407f-82f7-e46450c663da	e08d4356-9d2e-4a0d-b9d1-73c51aedea4d	CREATED	2010-01-09 19:02:02.719000	d9e40989-4892-49bf-a247-bf6f0c82378a	[{"field":"gender","new":"M"},{"field":"firstName","new":"Juho"},{"field":"lastName","new":"Takala"},{"field":"address","new":"Verkatehtaankatu 9828, Kuopio, Northern Savonia 80495"},{"field":"phoneNumber","new":"040-968-84-63"},{"field":"email","new":"juho.takala@example.com"},{"field":"birthDate","new":"1991-05-03 21:07:08.887000"},{"field":"creditCards","new":"1939 1340 6615 3302,0892 1336 3480 7856"}]
f6158eab-aee7-4cdb-8e21-628adac3f910	69ea45a8-8281-46f8-bf1a-0b902a829a0f	CREATED	2018-08-09 05:35:18.807000	d9e40989-4892-49bf-a247-bf6f0c82378a	[{"field":"gender","new":"F"},{"field":"firstName","new":"Jane"},{"field":"lastName","new":"Wade"},{"field":"address","new":"College St 705, Pueblo, Alabama 53814"},{"field":"phoneNumber","new":"(780)-019-3336"},{"field":"email","new":"jane.wade@example.com"},{"field":"birthDate","new":"1945-07-18 20:59:36.818000"},{"field":"creditCards","new":"3093 8894 0860 5511,1169 2904 7825 0792,6422 1462 6217 1705,9267 3261 4504 6708"}]
d99fabda-d52c-4df9-865e-90fcbddbd183	905a2d9f-d409-41c5-b7e0-f29b9054dc95	CREATED	2015-10-30 09:01:06.531000	d9e40989-4892-49bf-a247-bf6f0c82378a	[{"field":"gender","new":"M"},{"field":"firstName","new":"Fatih"},{"field":"lastName","new":"Pektemek"},{"field":"address","new":"Doktorlar Cd 8517, Afyonkarahisar, Isparta 22501"},{"field":"phoneNumber","new":"(490)-522-1307"},{"field":"email","new":"fatih.pektemek@example.com"},{"field":"birthDate","new":"1987-12-24 19:47:57.125000"},{"field":"creditCards","new":""}]
3d8a9d1e-6728-4589-be84-77c3eb989d94	1e951a0c-8b7d-493d-b4e5-938a5b08d1b7	CREATED	2011-05-31 16:22:23.591000	d9e40989-4892-49bf-a247-bf6f0c82378a	[{"field":"gender","new":"F"},{"field":"firstName","new":"Thea"},{"field":"lastName","new":"Chen"},{"field":"address","new":"Northgate 3724, Wellington, Hawke'S Bay 64715"},{"field":"phoneNumber","new":"(773)-664-2838"},{"field":"email","new":"thea.chen@example.com"},{"field":"birthDate","new":"1972-05-03 06:42:08.838000"},{"field":"creditCards","new":"3947 0222 0484 9933,7046 2685 6312 3751"}]
556d4091-aa60-47be-97f3-eee90808010c	077a93f5-8631-44ce-a270-50a1000a31f8	CREATED	2018-01-30 14:33:54.690000	d9e40989-4892-49bf-a247-bf6f0c82378a	[{"field":"gender","new":"F"},{"field":"firstName","new":"Iris"},{"field":"lastName","new":"Trentelman"},{"field":"address","new":"Harlingenstraat 3277, Stad aan 't Haringvliet, Gelderland 26711"},{"field":"phoneNumber","new":"(286)-761-7329"},{"field":"email","new":"iris.trentelman@example.com"},{"field":"birthDate","new":"1973-03-20 23:10:17.510000"},{"field":"creditCards","new":""}]
1efb4e11-616b-4532-a319-d802ba28417c	ef674ac4-390c-48a3-85c4-531f80e41a6d	CREATED	2019-09-09 20:05:25.321000	d9e40989-4892-49bf-a247-bf6f0c82378a	[{"field":"gender","new":"F"},{"field":"firstName","new":"Shima"},{"field":"lastName","new":"Lukassen"},{"field":"address","new":"Chabolaan 6453, Waspik, Zeeland 98400"},{"field":"phoneNumber","new":"(487)-029-2941"},{"field":"email","new":"shima.lukassen@example.com"},{"field":"birthDate","new":"1961-03-02 10:55:30.907000"},{"field":"creditCards","new":"6252 2070 2637 0835,7957 5204 4664 6472,5800 6088 5124 0811,6976 3144 3220 5219"}]
8675077c-9132-4d3f-86db-8dcef83207c4	1a8057f3-dfa6-48b6-b06a-06f312f55acd	CREATED	2004-11-17 06:27:31.653000	d9e40989-4892-49bf-a247-bf6f0c82378a	[{"field":"gender","new":"M"},{"field":"firstName","new":"Joaquin"},{"field":"lastName","new":"Pastor"},{"field":"address","new":"Calle de Pedro Bosch 5447, Alcalá de Henares, Islas Baleares 69159"},{"field":"phoneNumber","new":"662-335-897"},{"field":"email","new":"joaquin.pastor@example.com"},{"field":"birthDate","new":"1949-05-15 10:19:58.786000"},{"field":"creditCards","new":"3075 1618 1402 5528,3417 0787 5856 4348,4297 6491 4431 2721,5085 6234 1842 5273"}]
ab9c6525-2416-43c5-9929-e44048afd4bf	db1b0638-4bbf-4ae1-907e-82ff563279bd	CREATED	2013-01-12 05:59:43.673000	d9e40989-4892-49bf-a247-bf6f0c82378a	[{"field":"gender","new":"F"},{"field":"firstName","new":"Sophia"},{"field":"lastName","new":"Tremblay"},{"field":"address","new":"Brock Rd 9448, Inwood, Yukon Y0P 7Q9"},{"field":"phoneNumber","new":"956-318-8582"},{"field":"email","new":"sophia.tremblay@example.com"},{"field":"birthDate","new":"1997-11-22 03:57:37.726000"},{"field":"creditCards","new":"8862 4616 5504 8691,8812 6816 6892 5238,1668 3533 5902 8774"}]
59ec3720-ac95-4581-b703-cb8902b9ea4e	d72a4a3e-25c1-4049-ba5f-6124afb9d397	CREATED	2017-11-26 09:47:55.856000	d9e40989-4892-49bf-a247-bf6f0c82378a	[{"field":"gender","new":"F"},{"field":"firstName","new":"Freya"},{"field":"lastName","new":"Smith"},{"field":"address","new":"Pakuranga Road 4740, Gisborne, Manawatu-Wanganui 89348"},{"field":"phoneNumber","new":"(920)-802-6964"},{"field":"email","new":"freya.smith@example.com"},{"field":"birthDate","new":"1955-03-25 08:33:37.368000"},{"field":"creditCards","new":"1686 3192 3468 1610,4734 7873 9675 6191,4441 3512 2594 2099,7849 5793 3564 2077"}]
bdcbbea8-1467-4f68-bb5e-d079606ffe72	499e9828-1907-438d-9b67-1f7155196b70	CREATED	2007-09-01 22:18:06.449000	d9e40989-4892-49bf-a247-bf6f0c82378a	[{"field":"gender","new":"F"},{"field":"firstName","new":"Filippa"},{"field":"lastName","new":"Johansen"},{"field":"address","new":"Tingvejen 7374, Lintrup, Hovedstaden 39289"},{"field":"phoneNumber","new":"69977914"},{"field":"email","new":"filippa.johansen@example.com"},{"field":"birthDate","new":"1988-12-01 03:11:45.025000"},{"field":"creditCards","new":"6833 7275 7289 5552,0193 7657 7049 7838,2378 7920 7185 2623"}]
5be3e4c3-c8f0-4afe-9032-f826548e696c	8fd1360f-53f1-44bb-946f-9ef9d6f51924	CREATED	2012-10-11 17:19:12.325000	d9e40989-4892-49bf-a247-bf6f0c82378a	[{"field":"gender","new":"F"},{"field":"firstName","new":"Evie"},{"field":"lastName","new":"Johnson"},{"field":"address","new":"Universal Drive 6035, New Plymouth, Tasman 87080"},{"field":"phoneNumber","new":"(552)-309-8122"},{"field":"email","new":"evie.johnson@example.com"},{"field":"birthDate","new":"1985-10-21 14:38:25.621000"},{"field":"creditCards","new":""}]
abbc5444-e721-405a-bd2f-2ff79eaf1c13	fc7a36bf-5110-4913-879f-400b00af051c	CREATED	2019-01-30 22:26:05.071000	d9e40989-4892-49bf-a247-bf6f0c82378a	[{"field":"gender","new":"M"},{"field":"firstName","new":"Carl"},{"field":"lastName","new":"Morgan"},{"field":"address","new":"West Street 375, Carlisle, Borders B1I 8DR"},{"field":"phoneNumber","new":"0745-828-847"},{"field":"email","new":"carl.morgan@example.com"},{"field":"birthDate","new":"1985-01-12 09:26:43.369000"},{"field":"creditCards","new":""}]
5f697eee-a6df-4c96-9ce9-5a60c4aa1726	058ea33f-29da-4afe-a1a4-7910f1ff9f76	CREATED	2015-11-08 11:54:18.868000	d9e40989-4892-49bf-a247-bf6f0c82378a	[{"field":"gender","new":"M"},{"field":"firstName","new":"Finn"},{"field":"lastName","new":"Martin"},{"field":"address","new":"Fitzgerald Avenue 1290, Nelson, Canterbury 43802"},{"field":"phoneNumber","new":"(590)-937-0290"},{"field":"email","new":"finn.martin@example.com"},{"field":"birthDate","new":"1949-02-01 08:04:20.067000"},{"field":"creditCards","new":"2162 1746 7935 7922"}]
92a37c26-9ddd-47bb-8ef8-f8a70a9999ac	925a63e1-3429-43fd-8ba8-9146ba350b06	CREATED	2011-10-17 23:57:34.425000	d9e40989-4892-49bf-a247-bf6f0c82378a	[{"field":"gender","new":"M"},{"field":"firstName","new":"Ethan"},{"field":"lastName","new":"Smith"},{"field":"address","new":"Dickens Street 1834, Hamilton, Otago 96594"},{"field":"phoneNumber","new":"(793)-791-5757"},{"field":"email","new":"ethan.smith@example.com"},{"field":"birthDate","new":"1968-09-09 11:27:35.332000"},{"field":"creditCards","new":"6521 6876 0051 7665"}]
516b2cc9-955a-478d-a3a5-a34f088c65bd	93a72dc5-1397-4a04-9b8b-77081be3a6e4	CREATED	2016-07-19 14:12:39.720000	d9e40989-4892-49bf-a247-bf6f0c82378a	[{"field":"gender","new":"M"},{"field":"firstName","new":"Ismael"},{"field":"lastName","new":"Esteban"},{"field":"address","new":"Calle Covadonga 8254, Madrid, Castilla y León 75033"},{"field":"phoneNumber","new":"637-850-090"},{"field":"email","new":"ismael.esteban@example.com"},{"field":"birthDate","new":"1959-08-29 05:43:51.683000"},{"field":"creditCards","new":"7758 8125 8792 3826,7973 2723 0760 5319"}]
60f1cfae-e8ca-4e4f-98a6-a0a49ad95210	93614f44-3270-42cd-afca-bb330e1aab37	CREATED	2009-02-13 03:06:32.327000	d9e40989-4892-49bf-a247-bf6f0c82378a	[{"field":"gender","new":"M"},{"field":"firstName","new":"Lloyd"},{"field":"lastName","new":"Fernandez"},{"field":"address","new":"Lovers Ln 8161, Townsville, South Australia 4537"},{"field":"phoneNumber","new":"0463-633-513"},{"field":"email","new":"lloyd.fernandez@example.com"},{"field":"birthDate","new":"1965-07-10 15:21:31.486000"},{"field":"creditCards","new":"8679 7439 1640 4436,2869 9199 8355 4331"}]
d0d900cc-93f2-44f5-8c26-87c9a1a97edd	c131d0cf-94b3-4382-be59-2cc3afd9d592	CREATED	2019-07-28 13:22:12.205000	d9e40989-4892-49bf-a247-bf6f0c82378a	[{"field":"gender","new":"M"},{"field":"firstName","new":"Ashton"},{"field":"lastName","new":"Thomas"},{"field":"address","new":"Universal Drive 6417, Dunedin, Auckland 11780"},{"field":"phoneNumber","new":"(289)-702-9950"},{"field":"email","new":"ashton.thomas@example.com"},{"field":"birthDate","new":"1973-09-25 17:32:03.627000"},{"field":"creditCards","new":"1187 4740 2795 3471,9488 4458 6411 8577"}]
4f467da2-c728-4562-b8e9-e1e34f17f807	e1c7693d-85f2-4caa-84e2-68b1fd6451a7	CREATED	2004-02-04 02:13:58.641000	d9e40989-4892-49bf-a247-bf6f0c82378a	[{"field":"gender","new":"F"},{"field":"firstName","new":"Eileen"},{"field":"lastName","new":"Jenkins"},{"field":"address","new":"Crockett St 725, Traralgon, New South Wales 9586"},{"field":"phoneNumber","new":"0496-500-516"},{"field":"email","new":"eileen.jenkins@example.com"},{"field":"birthDate","new":"1989-08-09 16:56:03.398000"},{"field":"creditCards","new":"8743 5614 1846 4586,3666 0777 0276 9366,5816 1544 6057 3750"}]
4d1c1c43-f51b-4ecc-8eb3-93a4f87f4c26	a37457c2-61ef-48d8-8a85-988b8af2cb33	CREATED	2014-05-01 19:56:50.308000	d9e40989-4892-49bf-a247-bf6f0c82378a	[{"field":"gender","new":"M"},{"field":"firstName","new":"Ryder"},{"field":"lastName","new":"Anderson"},{"field":"address","new":"Kamo Road 2574, Auckland, Taranaki 81690"},{"field":"phoneNumber","new":"(826)-315-0344"},{"field":"email","new":"ryder.anderson@example.com"},{"field":"birthDate","new":"1956-08-08 17:09:57.633000"},{"field":"creditCards","new":""}]
080934f0-9305-4583-a911-2b9874f94c21	13c056c3-c225-4c22-9994-873a79623128	CREATED	2003-10-26 22:43:52.281000	d9e40989-4892-49bf-a247-bf6f0c82378a	[{"field":"gender","new":"M"},{"field":"firstName","new":"Zachary"},{"field":"lastName","new":"Clark"},{"field":"address","new":"Duke St 7792, Fountainbleu, Manitoba H0P 9X8"},{"field":"phoneNumber","new":"584-156-3246"},{"field":"email","new":"zachary.clark@example.com"},{"field":"birthDate","new":"1975-07-28 18:04:51.744000"},{"field":"creditCards","new":"9807 4019 6667 5422,1148 6998 4994 7270"}]
735bd157-d670-4719-b259-75d44753472a	ea87061e-b3d2-462c-980d-df283a0e63c2	CREATED	2005-09-29 13:01:47.066000	d9e40989-4892-49bf-a247-bf6f0c82378a	[{"field":"gender","new":"F"},{"field":"firstName","new":"Emilia"},{"field":"lastName","new":"Hanka"},{"field":"address","new":"Mannerheimintie 4347, Föglö, Southern Ostrobothnia 21314"},{"field":"phoneNumber","new":"044-700-05-05"},{"field":"email","new":"emilia.hanka@example.com"},{"field":"birthDate","new":"1986-10-11 00:43:07.873000"},{"field":"creditCards","new":"3833 3026 2604 5812"}]
7dff034e-4a3a-4295-a89a-c82fd2b9d264	e802bde0-e037-417a-84b7-5d2d4ba8bd70	CREATED	2006-09-29 16:32:02.828000	d9e40989-4892-49bf-a247-bf6f0c82378a	[{"field":"gender","new":"M"},{"field":"firstName","new":"Justin"},{"field":"lastName","new":"Pierre"},{"field":"address","new":"Avenue du Fort-Caire 1559, Unterengstringen, St. Gallen 8657"},{"field":"phoneNumber","new":"075 262 59 92"},{"field":"email","new":"justin.pierre@example.com"},{"field":"birthDate","new":"1944-10-19 01:37:46.152000"},{"field":"creditCards","new":""}]
9ef2c7c4-fe17-4386-a0c9-429e115e7dc1	f59cdf5a-910d-4c8c-9901-05a82e81d614	CREATED	2012-11-21 12:00:15.793000	d9e40989-4892-49bf-a247-bf6f0c82378a	[{"field":"gender","new":"F"},{"field":"firstName","new":"Daria"},{"field":"lastName","new":"Grossmann"},{"field":"address","new":"Schillerstraße 8553, Saarlouis, Mecklenburg-Vorpommern 40851"},{"field":"phoneNumber","new":"0179-3384895"},{"field":"email","new":"daria.grossmann@example.com"},{"field":"birthDate","new":"1972-06-01 22:55:23.178000"},{"field":"creditCards","new":"6360 4249 2278 8771,0138 0236 4401 5468,8055 0908 7500 5060"}]
969ddf26-ffd4-412d-b976-14302861c6f3	c960b841-f631-4aa0-9c93-a7b2ee40655f	CREATED	2014-05-27 01:08:41.659000	d9e40989-4892-49bf-a247-bf6f0c82378a	[{"field":"gender","new":"M"},{"field":"firstName","new":"Frederico"},{"field":"lastName","new":"Verpoort"},{"field":"address","new":"Bellemeerstraat 2697, St. Willebrord, Overijssel 49061"},{"field":"phoneNumber","new":"(465)-319-2666"},{"field":"email","new":"frederico.verpoort@example.com"},{"field":"birthDate","new":"1947-12-14 20:28:17.507000"},{"field":"creditCards","new":"7257 4667 9745 7676,0580 8155 9174 9048,5151 9721 8523 5128,9910 9701 8130 8626"}]
85660e01-eaba-43ea-826b-8c4aa874bb25	8d47a04c-592d-42b9-9663-6c994fd0a6fa	CREATED	2013-07-06 11:40:12.793000	d9e40989-4892-49bf-a247-bf6f0c82378a	[{"field":"gender","new":"F"},{"field":"firstName","new":"Amalie"},{"field":"lastName","new":"Christiansen"},{"field":"address","new":"Pøt Strandby 20, Allinge, Nordjylland 20048"},{"field":"phoneNumber","new":"41407276"},{"field":"email","new":"amalie.christiansen@example.com"},{"field":"birthDate","new":"1970-11-12 17:19:12.468000"},{"field":"creditCards","new":"3932 3637 5630 0243,3919 1321 6592 0075,7061 6132 8480 7689"}]
e1c6ee7f-7d60-497a-a35a-a75075b341f7	30aeeaef-04fe-4e48-9adb-6abb7c7874a8	CREATED	2004-10-15 09:49:59.789000	d9e40989-4892-49bf-a247-bf6f0c82378a	[{"field":"gender","new":"F"},{"field":"firstName","new":"Mari"},{"field":"lastName","new":"Teixeira"},{"field":"address","new":"Rua Minas Gerais  4421, Linhares, Rio de Janeiro 50779"},{"field":"phoneNumber","new":"(31) 5576-2876"},{"field":"email","new":"mari.teixeira@example.com"},{"field":"birthDate","new":"1950-08-14 14:28:38.525000"},{"field":"creditCards","new":"9276 1889 7103 3781,5081 5222 3196 1343"}]
25c10dc0-a641-4108-bf69-407a110f50bf	7bb74ee4-f2d1-466e-8a86-e32861d4a2a3	CREATED	2007-09-01 23:08:03.994000	d9e40989-4892-49bf-a247-bf6f0c82378a	[{"field":"gender","new":"M"},{"field":"firstName","new":"Mason"},{"field":"lastName","new":"Thomas"},{"field":"address","new":"Guyton Street 791, Palmerston North, Tasman 14080"},{"field":"phoneNumber","new":"(928)-914-1958"},{"field":"email","new":"mason.thomas@example.com"},{"field":"birthDate","new":"1978-03-23 15:05:41.154000"},{"field":"creditCards","new":"1100 0562 3473 7276,0267 2164 8341 6052"}]
d5ab95a7-ec54-44be-b88c-e542d2b24d8a	4ab0aed1-3f6e-478e-a4ef-fc1f47762702	CREATED	2010-10-19 15:48:42.953000	d9e40989-4892-49bf-a247-bf6f0c82378a	[{"field":"gender","new":"M"},{"field":"firstName","new":"Ronald"},{"field":"lastName","new":"Kelly"},{"field":"address","new":"Valwood Pkwy 6519, Albany, New South Wales 244"},{"field":"phoneNumber","new":"0471-191-510"},{"field":"email","new":"ronald.kelly@example.com"},{"field":"birthDate","new":"1983-09-13 18:56:50.009000"},{"field":"creditCards","new":"0765 9693 5895 8058,5423 0568 1353 1284,6965 4043 9244 8302,7071 3344 5729 7821"}]
68916b1d-543b-4df0-9886-61b9a649b04f	0b0a1108-d48a-4f5f-aac2-b6de38264565	CREATED	2009-07-23 06:01:36.356000	d9e40989-4892-49bf-a247-bf6f0c82378a	[{"field":"gender","new":"F"},{"field":"firstName","new":"Alisa"},{"field":"lastName","new":"Joki"},{"field":"address","new":"Rotuaari 1306, Riihimäki, Pirkanmaa 91620"},{"field":"phoneNumber","new":"047-355-69-13"},{"field":"email","new":"alisa.joki@example.com"},{"field":"birthDate","new":"1946-03-12 15:13:00.476000"},{"field":"creditCards","new":"4066 4644 5848 0113,9024 0566 2191 7340"}]
ec88c37c-e364-4cf7-8c21-8e34515caedd	c470d988-2090-48f8-8261-f47a9e94a67a	CREATED	2011-03-12 17:35:35.367000	d9e40989-4892-49bf-a247-bf6f0c82378a	[{"field":"gender","new":"F"},{"field":"firstName","new":"فاطمه زهرا"},{"field":"lastName","new":"جعفری"},{"field":"address","new":"مجاهدین اسلام 1428, قرچک, البرز 99718"},{"field":"phoneNumber","new":"0905-929-5426"},{"field":"email","new":"ftmhzhr.jaafry@example.com"},{"field":"birthDate","new":"1982-02-07 23:16:36.840000"},{"field":"creditCards","new":"9483 3224 0417 4146,5212 7883 0175 0609"}]
fb6031dc-a84a-47e7-884c-4d52fb0cdfb1	e8c9a6c1-7d81-4a42-913a-841a74f99fe4	CREATED	2015-01-20 13:25:14.417000	d9e40989-4892-49bf-a247-bf6f0c82378a	[{"field":"gender","new":"M"},{"field":"firstName","new":"Nick"},{"field":"lastName","new":"Sanchez"},{"field":"address","new":"Broadway 3741, Manchester, Essex S07 2AH"},{"field":"phoneNumber","new":"0700-174-225"},{"field":"email","new":"nick.sanchez@example.com"},{"field":"birthDate","new":"1947-03-17 08:20:19.056000"},{"field":"creditCards","new":""}]
6d0276cd-38d2-4b7e-9e30-c50676c4f4e6	f21ccfcd-e828-4b56-85e8-0fc5d4aed921	CREATED	2012-08-28 05:21:03.296000	d9e40989-4892-49bf-a247-bf6f0c82378a	[{"field":"gender","new":"M"},{"field":"firstName","new":"Justin"},{"field":"lastName","new":"Lefebvre"},{"field":"address","new":"Quai Chauveau 7032, Le Mans, Aveyron 57400"},{"field":"phoneNumber","new":"06-58-85-46-23"},{"field":"email","new":"justin.lefebvre@example.com"},{"field":"birthDate","new":"1966-05-10 18:16:10.611000"},{"field":"creditCards","new":"5951 6015 6816 9087,9735 7373 0263 4088,2993 1641 2790 4189"}]
6bf1614e-0e7e-4407-bc3b-98b40499517f	5ff0bd87-9cc3-473c-aa24-0521f9a11f96	CREATED	2002-09-01 13:08:17.531000	d9e40989-4892-49bf-a247-bf6f0c82378a	[{"field":"gender","new":"F"},{"field":"firstName","new":"Tina"},{"field":"lastName","new":"Fowler"},{"field":"address","new":"W Campbell Ave 8840, Australian Capital Territory, Australian Capital Territory 3488"},{"field":"phoneNumber","new":"0483-812-204"},{"field":"email","new":"tina.fowler@example.com"},{"field":"birthDate","new":"1974-12-13 17:53:05.524000"},{"field":"creditCards","new":"8270 5803 0081 0617,5688 0266 7439 3810,6309 7761 0146 7982"}]
68df2b54-2d07-46a0-8862-b92b5c2d41ce	ab6305d8-6f3d-43b6-9d0c-8430f1bde253	CREATED	2004-01-11 14:48:37.905000	d9e40989-4892-49bf-a247-bf6f0c82378a	[{"field":"gender","new":"F"},{"field":"firstName","new":"Gloria"},{"field":"lastName","new":"Fernandez"},{"field":"address","new":"Avenida de América 5163, Logroño, Canarias 65215"},{"field":"phoneNumber","new":"664-717-185"},{"field":"email","new":"gloria.fernandez@example.com"},{"field":"birthDate","new":"1957-08-29 00:00:43.283000"},{"field":"creditCards","new":"3655 9333 0710 5606,5326 1925 0216 3761"}]
a57f0f5c-3680-4562-af62-b361dfcfe178	1725b81e-6234-4d6e-950f-90764fb7d6e4	CREATED	2006-06-11 20:35:28.543000	d9e40989-4892-49bf-a247-bf6f0c82378a	[{"field":"gender","new":"M"},{"field":"firstName","new":"Anthony"},{"field":"lastName","new":"Brar"},{"field":"address","new":"Peel St 6563, Delta, Ontario Y3J 9N5"},{"field":"phoneNumber","new":"562-539-8006"},{"field":"email","new":"anthony.brar@example.com"},{"field":"birthDate","new":"1975-06-26 13:33:41.036000"},{"field":"creditCards","new":"1584 5034 5672 5928,7211 4010 8269 5874,3080 2770 6804 3702"}]
70aa5d66-2e03-4f23-90b2-5f4e364de46a	d7f82cc4-32b2-4932-af92-e92effdeacf8	CREATED	2004-01-10 17:16:39.375000	d9e40989-4892-49bf-a247-bf6f0c82378a	[{"field":"gender","new":"F"},{"field":"firstName","new":"Waldtraut"},{"field":"lastName","new":"Renken"},{"field":"address","new":"Kastanienweg 2862, Neu-Isenburg, Sachsen-Anhalt 48432"},{"field":"phoneNumber","new":"0175-0964327"},{"field":"email","new":"waldtraut.renken@example.com"},{"field":"birthDate","new":"1981-06-16 18:59:37.499000"},{"field":"creditCards","new":""}]
fe880d02-66dc-4440-a55d-75bf04e9a2c3	a96425b1-1db1-421a-a87b-a690881765ce	CREATED	2015-08-01 04:29:40.580000	d9e40989-4892-49bf-a247-bf6f0c82378a	[{"field":"gender","new":"F"},{"field":"firstName","new":"Angeles"},{"field":"lastName","new":"Ibañez"},{"field":"address","new":"Calle de Arganzuela 1165, Arrecife, Cataluña 96538"},{"field":"phoneNumber","new":"641-208-452"},{"field":"email","new":"angeles.ibanez@example.com"},{"field":"birthDate","new":"1977-10-24 12:15:26.942000"},{"field":"creditCards","new":"7264 8108 8152 6081,7826 8500 1457 4572,3800 9589 6170 3768,1357 3504 9454 3520"}]
a64b762e-fde3-412a-aec0-d3ce5c98d368	933a1434-3fd8-4be9-9aa6-e5b770998694	CREATED	2018-08-07 18:42:58.688000	d9e40989-4892-49bf-a247-bf6f0c82378a	[{"field":"gender","new":"M"},{"field":"firstName","new":"Brayden"},{"field":"lastName","new":"Owens"},{"field":"address","new":"Dogwood Ave 7407, Brisbane, Victoria 5724"},{"field":"phoneNumber","new":"0423-133-169"},{"field":"email","new":"brayden.owens@example.com"},{"field":"birthDate","new":"1984-02-09 01:31:39.130000"},{"field":"creditCards","new":"8917 5312 1732 1658,2391 3087 3624 2740,9988 3886 3996 1363,5068 8962 0989 0152"}]
77f12233-201f-48a8-8027-95bcc342d740	acb0bb29-1da6-4e95-acc1-62537aab3b5c	CREATED	2004-11-02 20:15:20.442000	d9e40989-4892-49bf-a247-bf6f0c82378a	[{"field":"gender","new":"F"},{"field":"firstName","new":"Miriam"},{"field":"lastName","new":"Oster"},{"field":"address","new":"Bergstraße 2107, Malchin, Niedersachsen 10084"},{"field":"phoneNumber","new":"0176-3489309"},{"field":"email","new":"miriam.oster@example.com"},{"field":"birthDate","new":"1954-10-07 23:07:05.201000"},{"field":"creditCards","new":"7704 6484 0804 6416"}]
fe0fe293-b32e-4a7b-8fa7-4d0c31754fe1	98f8b26f-2248-4558-98e5-42308d8ea1fe	CREATED	2017-04-11 05:51:24.250000	d9e40989-4892-49bf-a247-bf6f0c82378a	[{"field":"gender","new":"M"},{"field":"firstName","new":"Fernand"},{"field":"lastName","new":"Picard"},{"field":"address","new":"Rue de Bonnel 7392, Bühler, Obwalden 3740"},{"field":"phoneNumber","new":"075 496 45 01"},{"field":"email","new":"fernand.picard@example.com"},{"field":"birthDate","new":"1968-03-07 10:05:35.076000"},{"field":"creditCards","new":"1688 3780 8949 6147,1618 1895 1631 2607,4047 6759 9739 2450,9786 5322 2366 4954"}]
f2c6495f-1b56-4492-a405-4db2514b2ac9	7c1f36ca-02b4-4629-8fac-f149dbf2fc64	CREATED	2015-05-17 15:03:45.394000	d9e40989-4892-49bf-a247-bf6f0c82378a	[{"field":"gender","new":"F"},{"field":"firstName","new":"Yvonne"},{"field":"lastName","new":"Brun"},{"field":"address","new":"Avenue Jean-Jaurès 4874, Buchs (Sg), Zürich 9747"},{"field":"phoneNumber","new":"075 765 87 88"},{"field":"email","new":"yvonne.brun@example.com"},{"field":"birthDate","new":"1983-11-24 15:01:35.195000"},{"field":"creditCards","new":"9598 3548 2801 9235,5849 0512 5297 1523,9819 2050 8748 3564"}]
5c9583b6-928b-4165-90f1-7ffda59b6b93	09dce193-18a2-4266-8457-4e490959b65a	CREATED	2016-06-14 05:45:11.797000	d9e40989-4892-49bf-a247-bf6f0c82378a	[{"field":"gender","new":"F"},{"field":"firstName","new":"مهدیس"},{"field":"lastName","new":"سهيلي راد"},{"field":"address","new":"دکتر فاطمی 4707, ساری, بوشهر 89867"},{"field":"phoneNumber","new":"0970-469-2540"},{"field":"email","new":"mhdys.shylyrd@example.com"},{"field":"birthDate","new":"1970-06-02 06:26:44.047000"},{"field":"creditCards","new":"6744 4668 5820 5087"}]
9e788c3d-defb-4e3d-be94-a86ad124f38b	72207d5a-ee46-4c29-bf8a-13e2722e3621	CREATED	2007-09-13 20:07:35.197000	d9e40989-4892-49bf-a247-bf6f0c82378a	[{"field":"gender","new":"F"},{"field":"firstName","new":"Iida"},{"field":"lastName","new":"Rinne"},{"field":"address","new":"Otavalankatu 2294, Loppi, Satakunta 62715"},{"field":"phoneNumber","new":"041-707-93-51"},{"field":"email","new":"iida.rinne@example.com"},{"field":"birthDate","new":"1978-05-09 20:06:33.636000"},{"field":"creditCards","new":"7034 6023 0790 7786,5658 2670 8276 8610"}]
d629911d-1e67-4e8f-aa15-7686f9031a52	8d82b42d-7e1d-47d3-a5ec-5de16811e7f0	CREATED	2011-10-19 13:40:16.904000	d9e40989-4892-49bf-a247-bf6f0c82378a	[{"field":"gender","new":"M"},{"field":"firstName","new":"Gregory"},{"field":"lastName","new":"Armstrong"},{"field":"address","new":"Queensway 1071, Newcastle upon Tyne, County Antrim XY2 1US"},{"field":"phoneNumber","new":"0798-113-249"},{"field":"email","new":"gregory.armstrong@example.com"},{"field":"birthDate","new":"1949-08-13 00:13:26.704000"},{"field":"creditCards","new":"3817 6947 4783 4716"}]
534a146d-91a3-446c-9f28-1c6793248bcf	7e2c98fc-3371-4f38-b36a-84da15442cbe	CREATED	2018-04-09 10:48:10.793000	d9e40989-4892-49bf-a247-bf6f0c82378a	[{"field":"gender","new":"F"},{"field":"firstName","new":"تینا"},{"field":"lastName","new":"صدر"},{"field":"address","new":"نبرد جنوبی 8141, تبریز, مازندران 92515"},{"field":"phoneNumber","new":"0905-905-6557"},{"field":"email","new":"tyn.sdr@example.com"},{"field":"birthDate","new":"1965-11-28 21:13:19.084000"},{"field":"creditCards","new":"8190 5804 9193 4432,1366 6001 4895 2078,1200 1418 8659 8548,7564 5519 5164 7761"}]
e3a2cb57-c4ba-4050-b22f-2ebe8bf79eab	dc222843-7aca-458b-92a2-98eb22f7283f	CREATED	2013-12-27 22:13:24.049000	d9e40989-4892-49bf-a247-bf6f0c82378a	[{"field":"gender","new":"-"},{"field":"firstName","new":"Tijl"},{"field":"lastName","new":"Verburg"},{"field":"address","new":"De Brandt 178, Eexterveen, Noord-Holland 24366"},{"field":"phoneNumber","new":"(081)-065-1083"},{"field":"email","new":"tijl.verburg@example.com"},{"field":"birthDate","new":"1989-11-19 07:26:18.353000"},{"field":"creditCards","new":"2440 0722 1645 4142,1606 0228 1133 6313,7750 5151 6357 3043"}]
2e75e4e7-291f-418c-a00e-6aac560ce296	2fa67b17-a072-4ed4-9756-5f05bb01082d	CREATED	2014-12-22 20:43:41.836000	d9e40989-4892-49bf-a247-bf6f0c82378a	[{"field":"gender","new":"F"},{"field":"firstName","new":"Urszula"},{"field":"lastName","new":"Jacobs"},{"field":"address","new":"Mühlenstraße 2371, Gräfenthal, Thüringen 36229"},{"field":"phoneNumber","new":"0172-3501968"},{"field":"email","new":"urszula.jacobs@example.com"},{"field":"birthDate","new":"1972-12-01 05:47:55.850000"},{"field":"creditCards","new":"4563 7938 7582 3888,5380 0418 5665 7894,1108 8142 7899 8297"}]
602c607d-809b-4417-9ef4-ae08a89bf218	f24d42ad-ee70-407b-bc03-189096b3bb64	CREATED	2002-11-28 09:18:14.202000	d9e40989-4892-49bf-a247-bf6f0c82378a	[{"field":"gender","new":"F"},{"field":"firstName","new":"Lillian"},{"field":"lastName","new":"Peters"},{"field":"address","new":"Depaul Dr 817, Gladstone, South Australia 1672"},{"field":"phoneNumber","new":"0483-606-311"},{"field":"email","new":"lillian.peters@example.com"},{"field":"birthDate","new":"1989-11-27 20:29:49.527000"},{"field":"creditCards","new":"7566 6143 9961 3076,0980 3265 0346 7632,3218 9803 8827 1092"}]
b9eab361-14d0-46df-a1ff-da2d118564cd	6024d21d-7748-4376-a389-37498b3b9dde	CREATED	2005-02-23 02:49:24.084000	d9e40989-4892-49bf-a247-bf6f0c82378a	[{"field":"gender","new":"M"},{"field":"firstName","new":"Terrence"},{"field":"lastName","new":"Williams"},{"field":"address","new":"Queens Road 5204, Worcester, Cleveland R8G 1FQ"},{"field":"phoneNumber","new":"0758-373-131"},{"field":"email","new":"terrence.williams@example.com"},{"field":"birthDate","new":"1958-07-23 18:53:12.644000"},{"field":"creditCards","new":"5358 4586 8758 1526,5621 2164 0556 6856"}]
b1bd290a-cefb-4785-a12d-862ade69e789	16dfb68e-ff47-4bb4-a0ac-95b879889c30	CREATED	2009-01-27 17:22:06.427000	d9e40989-4892-49bf-a247-bf6f0c82378a	[{"field":"gender","new":"M"},{"field":"firstName","new":"Marcus"},{"field":"lastName","new":"Carter"},{"field":"address","new":"Crockett St 7008, Busselton, Australian Capital Territory 4673"},{"field":"phoneNumber","new":"0495-301-013"},{"field":"email","new":"marcus.carter@example.com"},{"field":"birthDate","new":"1966-07-12 19:50:02.807000"},{"field":"creditCards","new":"0277 5365 8685 9699"}]
d4d75f9b-27bc-4dd9-89bb-90d30489431f	6edc5c41-4d93-4614-b00a-0b588153dd4d	CREATED	2015-12-22 21:17:40.542000	d9e40989-4892-49bf-a247-bf6f0c82378a	[{"field":"gender","new":"F"},{"field":"firstName","new":"Clara"},{"field":"lastName","new":"Richards"},{"field":"address","new":"Cherry St 4814, Modesto, Utah 89804"},{"field":"phoneNumber","new":"(944)-256-4819"},{"field":"email","new":"clara.richards@example.com"},{"field":"birthDate","new":"1962-10-14 20:28:22.218000"},{"field":"creditCards","new":"8580 4706 9670 8672,1474 1572 8284 9081,6286 1898 6805 1846"}]
9c479f90-29aa-4b2a-9f58-63b93eb27742	0d068e9d-96aa-4a9c-b691-43b2a074204b	CREATED	2006-04-01 00:22:56.527000	d9e40989-4892-49bf-a247-bf6f0c82378a	[{"field":"gender","new":"M"},{"field":"firstName","new":"Oğuz"},{"field":"lastName","new":"De Bont"},{"field":"address","new":"Eekhoornrade 4298, Obbicht, Noord-Brabant 36682"},{"field":"phoneNumber","new":"(508)-160-9448"},{"field":"email","new":"oguz.debont@example.com"},{"field":"birthDate","new":"1989-09-06 11:09:22.687000"},{"field":"creditCards","new":""}]
7902e706-718e-4158-902c-3219a45fde76	f08f4f5f-86a8-45aa-9b31-ad347e192dd1	CREATED	2017-12-23 09:05:51.950000	d9e40989-4892-49bf-a247-bf6f0c82378a	[{"field":"gender","new":"M"},{"field":"firstName","new":"Próspero"},{"field":"lastName","new":"Moreira"},{"field":"address","new":"Avenida da Legalidade 4408, Poços de Caldas, Sergipe 74382"},{"field":"phoneNumber","new":"(95) 0327-9759"},{"field":"email","new":"prospero.moreira@example.com"},{"field":"birthDate","new":"1945-02-15 07:13:11.873000"},{"field":"creditCards","new":"5905 1347 4046 0542,3870 9920 7925 3417"}]
033ef259-e0a3-4c4a-95c7-44cf5883167a	5596d1a2-ac46-441a-9207-68f0420109d8	CREATED	2017-09-11 07:57:47.281000	d9e40989-4892-49bf-a247-bf6f0c82378a	[{"field":"gender","new":"F"},{"field":"firstName","new":"Elsa"},{"field":"lastName","new":"Arola"},{"field":"address","new":"Tahmelantie 4713, Hanko, Ostrobothnia 49841"},{"field":"phoneNumber","new":"046-741-89-03"},{"field":"email","new":"elsa.arola@example.com"},{"field":"birthDate","new":"1973-10-11 16:09:13.041000"},{"field":"creditCards","new":"7535 7206 2682 3435,9384 8895 7491 3716"}]
ba908b04-dc2d-4e40-9239-bede15f13a61	4766432a-83d3-4b56-aed2-76af5ee48422	CREATED	2007-10-22 14:19:32.532000	d9e40989-4892-49bf-a247-bf6f0c82378a	[{"field":"gender","new":"M"},{"field":"firstName","new":"Nathan"},{"field":"lastName","new":"Gray"},{"field":"address","new":"Oak Ridge Ln 6920, Wollongong, Queensland 8679"},{"field":"phoneNumber","new":"0460-899-540"},{"field":"email","new":"nathan.gray@example.com"},{"field":"birthDate","new":"1973-03-07 02:13:57.747000"},{"field":"creditCards","new":"1840 1534 3421 4794,1537 1767 7587 4157"}]
b6476257-a8ff-4bb1-9aea-de403f964b44	1d87b2c8-ee2f-4572-be26-08e892503bd0	CREATED	2011-09-23 21:22:03.962000	d9e40989-4892-49bf-a247-bf6f0c82378a	[{"field":"gender","new":"F"},{"field":"firstName","new":"Nelli"},{"field":"lastName","new":"Jarvinen"},{"field":"address","new":"Suvantokatu 1782, Lieksa, Finland Proper 53878"},{"field":"phoneNumber","new":"041-593-01-27"},{"field":"email","new":"nelli.jarvinen@example.com"},{"field":"birthDate","new":"1965-11-09 09:49:11.763000"},{"field":"creditCards","new":"2913 4948 6534 6373"}]
5b0f7279-85ca-4617-882e-3a235d58274b	ab29ed63-c6b9-41eb-ac7b-6bceeef9b469	CREATED	2006-03-01 13:59:53.072000	d9e40989-4892-49bf-a247-bf6f0c82378a	[{"field":"gender","new":"M"},{"field":"firstName","new":"Christoffer"},{"field":"lastName","new":"Jensen"},{"field":"address","new":"Knudsvej 469, Kvistgaard, Syddanmark 18601"},{"field":"phoneNumber","new":"83833444"},{"field":"email","new":"christoffer.jensen@example.com"},{"field":"birthDate","new":"1972-07-01 09:18:31.922000"},{"field":"creditCards","new":"9098 0331 6184 9464,2526 8281 6445 6210,6736 0608 0156 8525"}]
52b42e5f-4137-45f7-b599-61aff50ffb6a	c97661da-7498-4342-9d47-39c04dd1718e	CREATED	2011-05-29 22:54:00.103000	d9e40989-4892-49bf-a247-bf6f0c82378a	[{"field":"gender","new":"F"},{"field":"firstName","new":"Pilar"},{"field":"lastName","new":"Cano"},{"field":"address","new":"Avenida de América 6410, Arrecife, Extremadura 61320"},{"field":"phoneNumber","new":"652-013-650"},{"field":"email","new":"pilar.cano@example.com"},{"field":"birthDate","new":"1954-11-04 10:24:57.686000"},{"field":"creditCards","new":"7115 8331 2513 9065"}]
b10c5b6d-2028-4e2a-8cd7-e850fc9922ac	501d9ff4-b4b4-4f6b-a415-2f287bbbaa9e	CREATED	2018-05-05 01:03:58.971000	d9e40989-4892-49bf-a247-bf6f0c82378a	[{"field":"gender","new":"F"},{"field":"firstName","new":"Elizaveta"},{"field":"lastName","new":"Brandenburg"},{"field":"address","new":"Kolkhuzerwei 4802, Janum, Flevoland 38770"},{"field":"phoneNumber","new":"(590)-513-5677"},{"field":"email","new":"elizaveta.brandenburg@example.com"},{"field":"birthDate","new":"1988-06-10 00:40:42.747000"},{"field":"creditCards","new":"8031 1840 4278 1622,5218 5787 0019 7847,6622 2149 6335 8658"}]
be69c673-7c5b-4145-8454-192462f2a6ea	f77f90c4-ce57-4629-85f0-81239369f3b6	CREATED	2017-12-04 07:33:59.973000	d9e40989-4892-49bf-a247-bf6f0c82378a	[{"field":"gender","new":"F"},{"field":"firstName","new":"Maeva"},{"field":"lastName","new":"Scott"},{"field":"address","new":"King St 2374, Westport, British Columbia V7N 7W4"},{"field":"phoneNumber","new":"009-199-5936"},{"field":"email","new":"maeva.scott@example.com"},{"field":"birthDate","new":"1960-10-17 14:49:10.768000"},{"field":"creditCards","new":""}]
4dcf1a5e-d0db-41ad-9632-eecc829499cc	652d8e8d-177b-479d-8743-b6533be92cb7	CREATED	2012-02-22 21:11:23.116000	d9e40989-4892-49bf-a247-bf6f0c82378a	[{"field":"gender","new":"F"},{"field":"firstName","new":"Selma"},{"field":"lastName","new":"Hansen"},{"field":"address","new":"Algade 2256, Brondby, Syddanmark 61373"},{"field":"phoneNumber","new":"92534640"},{"field":"email","new":"selma.hansen@example.com"},{"field":"birthDate","new":"1970-07-29 02:11:39.318000"},{"field":"creditCards","new":"3254 3041 8509 2431,2757 5738 4436 3166"}]
55aab3ef-7c4e-4429-91b9-b6a8c5b22953	fe9eef5a-7bb4-43e7-8858-8fc2fa538931	CREATED	2015-10-22 17:58:42.668000	d9e40989-4892-49bf-a247-bf6f0c82378a	[{"field":"gender","new":"F"},{"field":"firstName","new":"Rosa"},{"field":"lastName","new":"Rojas"},{"field":"address","new":"Calle del Arenal 9953, Arrecife, Galicia 26724"},{"field":"phoneNumber","new":"602-696-835"},{"field":"email","new":"rosa.rojas@example.com"},{"field":"birthDate","new":"1951-10-21 17:11:46.873000"},{"field":"creditCards","new":""}]
9da72a94-ddaf-48e6-8c1c-4fffb980d51d	64cda0c7-c7dc-4a5c-b907-3eeb18c44733	CREATED	2014-02-09 07:01:12.300000	d9e40989-4892-49bf-a247-bf6f0c82378a	[{"field":"gender","new":"F"},{"field":"firstName","new":"Michelle"},{"field":"lastName","new":"Graves"},{"field":"address","new":"High Street 5004, Preston, Gwynedd County NA1 0PF"},{"field":"phoneNumber","new":"0758-751-314"},{"field":"email","new":"michelle.graves@example.com"},{"field":"birthDate","new":"1972-12-17 21:37:10.948000"},{"field":"creditCards","new":"9973 1513 4376 2990"}]
e3c64e3d-eda6-4724-b167-b145c7b40d79	e96146c0-8ed9-4f24-a5ad-9dba7d0e6c89	CREATED	2012-01-24 02:05:50.570000	d9e40989-4892-49bf-a247-bf6f0c82378a	[{"field":"gender","new":"F"},{"field":"firstName","new":"Laurie"},{"field":"lastName","new":"Fowler"},{"field":"address","new":"Washington Ave 2398, Townsville, Queensland 1119"},{"field":"phoneNumber","new":"0402-018-676"},{"field":"email","new":"laurie.fowler@example.com"},{"field":"birthDate","new":"1954-02-01 12:24:08.875000"},{"field":"creditCards","new":"4638 4941 4402 8602,9198 0461 7679 1876,0755 8591 5364 0535"}]
435fb129-77f7-4ccc-97e6-eaa01b6572ee	a2c940e4-c77e-4c8c-bb18-f26f03042483	CREATED	2004-10-16 11:39:12.373000	d9e40989-4892-49bf-a247-bf6f0c82378a	[{"field":"gender","new":"-"},{"field":"firstName","new":"Jayden"},{"field":"lastName","new":"Welch"},{"field":"address","new":"W Gray St 8687, Elko, Georgia 13775"},{"field":"phoneNumber","new":"(059)-443-2039"},{"field":"email","new":"jayden.welch@example.com"},{"field":"birthDate","new":"1967-09-28 11:05:51.777000"},{"field":"creditCards","new":"1384 7395 5928 1421,4642 9194 6552 5254,7957 1393 9113 3600,7003 7717 8744 1025"}]
718d7897-186f-4fb1-92c8-999aa8b9ff1b	583b6aa8-1363-409d-a3bf-d324bf795ab2	CREATED	2003-12-26 06:15:15.825000	d9e40989-4892-49bf-a247-bf6f0c82378a	[{"field":"gender","new":"M"},{"field":"firstName","new":"Terrence"},{"field":"lastName","new":"Jacobs"},{"field":"address","new":"Mill Lane 6387, Cardiff, North Yorkshire QF56 9NZ"},{"field":"phoneNumber","new":"0784-720-059"},{"field":"email","new":"terrence.jacobs@example.com"},{"field":"birthDate","new":"1945-03-22 01:31:24.750000"},{"field":"creditCards","new":"1336 5279 1872 9389,1756 4028 1401 9493"}]
3dd6ee91-10e4-4507-942c-d89d1132f57e	f9ef5d1b-a59d-4f34-be3e-207d009910f0	CREATED	2003-12-05 20:46:46.294000	d9e40989-4892-49bf-a247-bf6f0c82378a	[{"field":"gender","new":"F"},{"field":"firstName","new":"Lena"},{"field":"lastName","new":"Richard"},{"field":"address","new":"Rue Louis-Blanqui 4749, Basse-Allaine, Valais 2899"},{"field":"phoneNumber","new":"076 598 56 54"},{"field":"email","new":"lena.richard@example.com"},{"field":"birthDate","new":"1955-11-25 07:39:29.274000"},{"field":"creditCards","new":"2428 0793 5504 5690"}]
a677bc96-bffb-431d-a5d7-7afc1d20b6f1	2d42c80f-cb44-47c3-8590-44784a768c7c	CREATED	2007-09-21 01:17:57.816000	d9e40989-4892-49bf-a247-bf6f0c82378a	[{"field":"gender","new":"F"},{"field":"firstName","new":"Evi"},{"field":"lastName","new":"Meusel"},{"field":"address","new":"Bahnhofstraße 4972, Dorsten, Hessen 38829"},{"field":"phoneNumber","new":"0171-2476651"},{"field":"email","new":"evi.meusel@example.com"},{"field":"birthDate","new":"1956-05-11 00:57:08.975000"},{"field":"creditCards","new":"1951 1602 4017 5161,0871 2932 9557 4255"}]
25092f11-6d10-42b6-afd9-a797fed40e57	3e863536-b184-41c8-acd8-d18ae0c92937	CREATED	2010-05-31 18:32:30.155000	d9e40989-4892-49bf-a247-bf6f0c82378a	[{"field":"gender","new":"M"},{"field":"firstName","new":"Aaron"},{"field":"lastName","new":"Hunter"},{"field":"address","new":"King Street 6393, Swansea, Northamptonshire VY2 3NE"},{"field":"phoneNumber","new":"0746-172-865"},{"field":"email","new":"aaron.hunter@example.com"},{"field":"birthDate","new":"1953-04-30 14:16:59.919000"},{"field":"creditCards","new":"8943 7294 8560 1681,4694 0542 8149 5996,2513 0716 4606 6042,8388 4361 0345 3328"}]
a34dd527-f366-4f19-bd70-07f760a60853	aa55d320-d2d7-4800-8481-15762f290335	CREATED	2016-06-15 21:58:59.239000	d9e40989-4892-49bf-a247-bf6f0c82378a	[{"field":"gender","new":"M"},{"field":"firstName","new":"آرش"},{"field":"lastName","new":"پارسا"},{"field":"address","new":"میرزای شیرازی 1969, اردبیل, قزوین 60808"},{"field":"phoneNumber","new":"0942-623-8405"},{"field":"email","new":"arsh.prs@example.com"},{"field":"birthDate","new":"1978-06-12 05:49:48.115000"},{"field":"creditCards","new":"0326 9902 5069 2094,8656 6829 7399 2921"}]
054d29e6-50e9-4a7a-988f-f2d246f916c6	3645c299-02f1-449f-802f-6f06d9777ccd	CREATED	2003-11-16 22:37:35.152000	d9e40989-4892-49bf-a247-bf6f0c82378a	[{"field":"gender","new":"M"},{"field":"firstName","new":"Byron"},{"field":"lastName","new":"Riley"},{"field":"address","new":"Valwood Pkwy 4547, Pomona, Ohio 28863"},{"field":"phoneNumber","new":"(903)-753-6578"},{"field":"email","new":"byron.riley@example.com"},{"field":"birthDate","new":"1947-11-25 22:49:25.136000"},{"field":"creditCards","new":"0500 7923 6174 2798,8709 7702 1759 7377,4667 9182 7870 6194,8104 9092 5760 2871"}]
8e653043-df4f-44b4-b064-e1c96178303b	b720a638-e614-4002-94d2-b0ea7c944728	CREATED	2003-01-25 05:34:47.857000	d9e40989-4892-49bf-a247-bf6f0c82378a	[{"field":"gender","new":"M"},{"field":"firstName","new":"David"},{"field":"lastName","new":"Roy"},{"field":"address","new":"Concession Road 23 1927, Deer Lake, Nova Scotia P1Y 2M3"},{"field":"phoneNumber","new":"000-363-8882"},{"field":"email","new":"david.roy@example.com"},{"field":"birthDate","new":"1948-08-16 10:33:05.610000"},{"field":"creditCards","new":""}]
15381752-20d5-4936-ab93-fa4ea5c25139	ef3d65b8-4ddd-4acb-ae07-ab63e377b016	CREATED	2008-06-21 02:22:05.652000	d9e40989-4892-49bf-a247-bf6f0c82378a	[{"field":"gender","new":"F"},{"field":"firstName","new":"Madeleine"},{"field":"lastName","new":"Turner"},{"field":"address","new":"Mahia Road 8187, Christchurch, Bay of Plenty 12794"},{"field":"phoneNumber","new":"(454)-161-8281"},{"field":"email","new":"madeleine.turner@example.com"},{"field":"birthDate","new":"1970-01-18 21:49:00.043000"},{"field":"creditCards","new":"8184 0519 4986 5822"}]
bb395a7f-8ba3-4e0f-a7de-560b885c9377	ac86d70f-fded-4d67-aa32-12e0800a2f6c	CREATED	2006-11-09 03:40:14.315000	d9e40989-4892-49bf-a247-bf6f0c82378a	[{"field":"gender","new":"M"},{"field":"firstName","new":"Ethan"},{"field":"lastName","new":"Ma"},{"field":"address","new":"Peel St 4780, Lafontaine, Manitoba H9N 9Q9"},{"field":"phoneNumber","new":"761-365-9216"},{"field":"email","new":"ethan.ma@example.com"},{"field":"birthDate","new":"1954-03-08 05:24:02.662000"},{"field":"creditCards","new":"2526 7625 7557 2493,1030 1175 3266 7836,5936 7918 8189 5291"}]
186a43eb-af33-4b74-8100-e503878f132a	e4713443-9de9-407f-ba88-59b76bd46aaf	CREATED	2015-07-08 13:21:51.369000	d9e40989-4892-49bf-a247-bf6f0c82378a	[{"field":"gender","new":"M"},{"field":"firstName","new":"Cody"},{"field":"lastName","new":"Willis"},{"field":"address","new":"Dublin Road 3060, Mullingar, Monaghan 12214"},{"field":"phoneNumber","new":"081-070-5854"},{"field":"email","new":"cody.willis@example.com"},{"field":"birthDate","new":"1946-06-16 06:18:58.189000"},{"field":"creditCards","new":"5119 7517 9890 8773,6154 5610 5149 6127"}]
48670281-3608-46f1-8376-d71d59108546	74ff2194-df82-4a4a-844d-a007bd574e99	CREATED	2012-03-05 14:13:58.022000	d9e40989-4892-49bf-a247-bf6f0c82378a	[{"field":"gender","new":"M"},{"field":"firstName","new":"Benjamin"},{"field":"lastName","new":"Poulsen"},{"field":"address","new":"Valmuemarken 2827, Skaerbaek, Midtjylland 92315"},{"field":"phoneNumber","new":"19782581"},{"field":"email","new":"benjamin.poulsen@example.com"},{"field":"birthDate","new":"1996-06-29 21:23:18.381000"},{"field":"creditCards","new":"3372 8261 3567 1559"}]
abc6dadd-ce4d-42b6-8d64-3abe29b92070	56ed0d30-0191-4dcd-84d1-87bb65122f87	CREATED	2015-10-22 14:24:34.062000	d9e40989-4892-49bf-a247-bf6f0c82378a	[{"field":"gender","new":"M"},{"field":"firstName","new":"Adam"},{"field":"lastName","new":"Nielsen"},{"field":"address","new":"Bakkesvinget 1489, Aarhus N, Hovedstaden 29153"},{"field":"phoneNumber","new":"21655540"},{"field":"email","new":"adam.nielsen@example.com"},{"field":"birthDate","new":"1971-03-01 15:10:57.390000"},{"field":"creditCards","new":"4287 3471 9211 9930"}]
231b01b4-9a1a-4019-8020-5f5a4932df93	1ff9b22f-186a-4781-ba09-f63f719a5049	CREATED	2007-11-07 08:56:47.212000	d9e40989-4892-49bf-a247-bf6f0c82378a	[{"field":"gender","new":"M"},{"field":"firstName","new":"Teake"},{"field":"lastName","new":"Raes"},{"field":"address","new":"Folkertsgreft 3276, Schalkhaar, Noord-Brabant 94262"},{"field":"phoneNumber","new":"(600)-395-9303"},{"field":"email","new":"teake.raes@example.com"},{"field":"birthDate","new":"1971-05-23 04:59:26.154000"},{"field":"creditCards","new":"8294 3548 3964 7017,1924 9067 7051 1930"}]
\.
